UniqueID,unique_id,Adjusted factor
1,1,1
2,2,1
3,3,1
4,4,1
5,5,1
6,6,1
7,7,1
8,8,1
9,9,1
10,10,1
11,11,1
12,12,1
13,13,1
14,14,1
15,15,1
16,16,1
17,17,1
18,18,1
19,19,1
20,20,1
21,21,1
22,22,1
23,23,1
24,24,1
25,25,1
26,26,1
27,27,1
28,28,1
29,29,1
30,30,1
31,31,1
32,32,1
33,33,1
34,34,1
35,35,1
36,36,1
37,37,1
38,38,1
39,39,1
40,40,1
41,41,1
42,42,1
43,43,1
44,44,1
45,45,1
46,46,1
47,47,1
48,48,1
49,49,1
50,50,1
51,51,1
52,52,1
53,53,1
54,54,1
55,55,1
56,56,1
57,57,1
58,58,1
59,59,1
60,60,1
61,61,1
62,62,1
63,63,1
64,64,1
65,65,1
66,66,1
67,67,1
68,68,1
69,69,1
70,70,1
71,71,1
72,72,1
73,73,1
74,74,1
75,75,1
76,76,1
77,77,1
78,78,1
79,79,1
80,80,1
81,81,1
82,82,1
83,83,1
84,84,1
85,85,1
86,86,1
87,87,1
88,88,1
89,89,1
90,90,1
91,91,1
92,92,1
93,93,1
94,94,1
95,95,1
96,96,1
97,97,1
98,98,1
99,99,1
100,100,1
103,101,1
104,102,1
106,103,1
107,104,1
108,105,1
110,106,1
111,107,1
112,108,1
113,109,1
114,110,1
115,111,1
116,112,1
117,113,1
118,114,1
119,115,1
120,116,1
121,117,1
122,118,1
123,119,1
124,120,1
125,121,1
126,122,1
127,123,1
128,124,1
129,125,1
131,126,1
132,127,1
137,128,1
138,129,1
139,130,1
140,131,1
141,132,1
142,133,1
143,134,1
144,135,1
145,136,1
146,137,1
147,138,1
148,139,1
149,140,1
150,141,1
151,142,1
152,143,1
153,144,1
154,145,1
155,146,1
156,147,1
157,148,1
158,149,1
159,150,1
160,151,1
161,152,1
162,153,1
163,154,1
164,155,1
165,156,1
166,157,1
167,158,1
168,159,1
169,160,1
170,161,1
171,162,1
172,163,1
173,164,1
174,165,1
175,166,1
176,167,1
177,168,1
178,169,1
179,170,1
180,171,1
181,172,1
182,173,1
183,174,1
184,175,1
185,176,1
186,177,1
187,178,1
188,179,1
189,180,1
190,181,1
191,182,1
192,183,1
193,184,1
194,185,1
195,186,1
196,187,1
197,188,1
198,189,1
199,190,1
200,191,1
201,192,1
202,193,1
203,194,1
204,195,1
205,196,1
206,197,0.996537854
207,198,1
208,199,1
209,200,1
210,201,1
211,202,1
212,203,1
213,204,1
214,205,1
215,206,1
216,207,1
217,208,1
218,209,1
219,210,1
220,211,1
221,212,1
222,213,1
223,214,1
224,215,1
225,216,1
226,217,1
227,218,1
228,219,1
229,220,1
230,221,1
231,222,1
232,223,1
233,224,1
234,225,1
235,226,1
236,227,1
237,228,1
238,229,1
239,230,1
240,231,1
241,232,1
242,233,1
243,234,1
244,235,1
245,236,1
246,237,1
247,238,1
248,239,1
249,240,1
250,241,1
251,242,1
252,243,1
253,244,1
254,245,1
255,246,1
256,247,1
257,248,1
258,249,1
259,250,1
260,251,1
261,252,1
262,253,1
263,254,1
264,255,1
265,256,1
266,257,1
267,258,1
268,259,1
269,260,1
270,261,1
271,262,1
272,263,1
273,264,1
274,265,1
275,266,1
276,267,1
277,268,1
278,269,1
279,270,1
281,271,1
282,272,1
283,273,1
285,274,1
287,275,1
288,276,1
289,277,1
290,278,1
291,279,1
292,280,1
293,281,1
294,282,1
295,283,1
296,284,1
297,285,1
298,286,1
299,287,1
300,288,1
301,289,1
302,290,1
303,291,1
304,292,1
305,293,1
306,294,1
307,295,1
308,296,1
309,297,1
310,298,1
311,299,1
312,300,1
313,301,1
314,302,1
315,303,1
316,304,1
317,305,1
318,306,1
319,307,1
320,308,1
321,309,1
322,310,1
323,311,1
324,312,1
325,313,1
326,314,1
327,315,1
328,316,1
329,317,1
330,318,1
331,319,1
332,320,1
333,321,1
334,322,1
335,323,1
336,324,1
337,325,1
338,326,1
339,327,1
340,328,1
341,329,1
342,330,1
343,331,1
344,332,1
345,333,1
346,334,1
347,335,1
348,336,1
349,337,1
350,338,1
351,339,1
352,340,1
353,341,1
354,342,1
355,343,1
356,344,1
357,345,1
358,346,1
359,347,1
360,348,1
361,349,1
362,350,1
363,351,1
364,352,1
365,353,1
366,354,1
367,355,1
368,356,1
369,357,1
370,358,1
371,359,1
372,360,1
373,361,1
374,362,1
375,363,1
376,364,1
377,365,1
378,366,1
379,367,1
381,368,1
382,369,1
383,370,1
384,371,1
385,372,1
386,373,1
387,374,1
389,375,1
390,376,1
391,377,1
392,378,1
393,379,1
394,380,1
395,381,1
396,382,1
397,383,1
398,384,1
399,385,1
400,386,1
401,387,1
402,388,1
403,389,1
404,390,1
405,391,1
406,392,1
407,393,1
408,394,1
409,395,1
410,396,1
411,397,1
412,398,1
413,399,1
414,400,1
415,401,1
416,402,1
417,403,1
418,404,1
419,405,0.976924903
420,406,1
424,407,1
425,408,1
426,409,1
427,410,1
428,411,1
429,412,1
430,413,1
431,414,1
432,415,1
433,416,1
434,417,1
435,418,1
436,419,1
437,420,1
438,421,1
439,422,1
440,423,1
441,424,1
442,425,1
443,426,1
444,427,1
445,428,1
446,429,1
447,430,1
448,431,1
449,432,1
450,433,1
451,434,1
452,435,1
453,436,1
454,437,1
455,438,1
456,439,1
457,440,1
458,441,1
459,442,1
460,443,1
461,444,1
462,445,1
463,446,1
464,447,1
465,448,1
466,449,1
467,450,1
468,451,1
469,452,1
470,453,1
471,454,1
472,455,1
473,456,1
474,457,1
475,458,1
476,459,1
477,460,1
478,461,1
480,462,1
482,463,1
483,464,1
485,465,1
486,466,1
487,467,1
488,468,1
489,469,1
490,470,1
491,471,1
492,472,1
493,473,1
494,474,1
496,475,1
497,476,1
498,477,1
499,478,1
500,479,1
502,480,1
503,481,1
504,482,1
505,483,1
506,484,1
507,485,1
508,486,1
509,487,1
510,488,1
511,489,1
512,490,0.885147508
513,491,1
514,492,1
515,493,1
516,494,1
517,495,1
518,496,1
519,497,1
520,498,1
521,499,0.975228859
522,500,1
523,501,1
524,502,1
525,503,1
526,504,1
527,505,0.945060672
528,506,1
529,507,1
530,508,1
531,509,1
532,510,1
533,511,1
534,512,1
535,513,1
536,514,1
537,515,1
538,516,1
539,517,1
540,518,1
541,519,1
542,520,1
543,521,1
544,522,1
545,523,1
546,524,1
547,525,1
548,526,1
549,527,1
550,528,1
551,529,1
552,530,1
553,531,1
554,532,1
555,533,1
556,534,1
557,535,1
558,536,1
559,537,1
560,538,1
561,539,1
562,540,1
563,541,1
564,542,1
565,543,1
566,544,1
567,545,1
568,546,1
569,547,1
570,548,1
571,549,1
572,550,1
573,551,1
574,552,1
575,553,1
577,554,1
578,555,1
581,556,1
582,557,1
586,558,1
587,559,1
588,560,1
589,561,1
590,562,1
591,563,1
592,564,1
593,565,1
594,566,1
596,567,1
597,568,1
599,569,1
600,570,1
601,571,1
602,572,1
603,573,1
604,574,1
605,575,1
606,576,1
607,577,1
608,578,1
609,579,1
610,580,1
611,581,1
613,582,1
614,583,1
615,584,1
616,585,1
617,586,1
618,587,1
619,588,1
620,589,1
622,590,1
624,591,1
625,592,1
626,593,1
627,594,1
628,595,1
629,596,1
630,597,1
631,598,1
632,599,1
633,600,1
634,601,1
635,602,1
636,603,1
637,604,1
638,605,1
639,606,1
640,607,1
641,608,1
642,609,1
644,610,1
645,611,1
646,612,1
648,613,1
649,614,1
650,615,1
651,616,1
652,617,1
653,618,1
654,619,1
655,620,1
657,621,1
658,622,1
659,623,1
660,624,1
661,625,1
662,626,1
663,627,1
664,628,1
665,629,1
666,630,1
667,631,1
668,632,1
669,633,1
670,634,1
671,635,1
672,636,1
673,637,1
674,638,1
675,639,1
676,640,1
677,641,1
678,642,1
679,643,1
680,644,1
681,645,1
682,646,1
683,647,1
684,648,1
685,649,1
686,650,1
687,651,1
688,652,1
689,653,1
690,654,1
691,655,1
692,656,1
693,657,1
694,658,1
695,659,1
696,660,1
697,661,1
698,662,1
699,663,1
700,664,1
701,665,1
702,666,1
703,667,1
704,668,1
705,669,1
706,670,1
707,671,1
708,672,1
709,673,1
710,674,1
711,675,1
712,676,1
713,677,1
714,678,1
715,679,1
716,680,1
717,681,1
718,682,1
719,683,1
720,684,1
10347,685,1
721,685,1
722,686,1
723,687,1
724,688,1
725,689,1
726,690,1
727,691,1
728,692,1
729,693,1
730,694,1
731,695,1
733,696,1
734,697,1
735,698,1
736,699,1
737,700,1
738,701,1
739,702,1
741,703,1
742,704,1
743,705,1
744,706,1
745,707,1
746,708,1
747,709,1
748,710,1
749,711,1
750,712,1
751,713,1
752,714,1
753,715,1
755,716,1
756,717,1
757,718,1
758,719,1
759,720,1
760,721,1
761,722,1
762,723,1
763,724,1
764,725,1
765,726,1
766,727,1
767,728,1
768,729,1
769,730,1
771,731,1
772,732,1
773,733,1
774,734,1
775,735,1
776,736,1
777,737,1
778,738,1
779,739,1
780,740,1
781,741,1
782,742,1
783,743,1
784,744,1
785,745,1
786,746,1
787,747,1
788,748,1
789,749,1
790,750,1
791,751,1
792,752,1
793,753,1
794,754,1
795,755,1
796,756,1
797,757,1
798,758,1
799,759,1
800,760,1
801,761,1
802,762,1
804,763,1
805,764,1
806,765,1
807,766,1
808,767,1
809,768,1
810,769,1
811,770,1
813,771,1
814,772,1
815,773,1
816,774,1
817,775,1
818,776,1
819,777,1
820,778,1
821,779,1
822,780,1
823,781,1
824,782,1
825,783,1
826,784,1
827,785,1
828,786,1
829,787,1
830,788,1
831,789,1
832,790,1
833,791,1
834,792,1
835,793,1
836,794,1
837,795,1
838,796,1
839,797,1
840,798,1
841,799,1
842,800,1
843,801,1
844,802,1
845,803,1
846,804,1
847,805,1
849,806,1
850,807,1
851,808,1
853,809,1
854,810,1
856,811,1
857,812,1
858,813,1
859,814,1
860,815,1
861,816,1
862,817,1
863,818,1
864,819,1
865,820,1
866,821,1
867,822,1
868,823,1
869,824,1
870,825,1
871,826,1
872,827,1
873,828,1
874,829,1
875,830,1
876,831,1
877,832,1
878,833,1
879,834,1
880,835,1
881,836,1
882,837,1
883,838,1
884,839,1
885,840,1
886,841,1
887,842,1
888,843,1
889,844,1
890,845,1
891,846,1
892,847,1
893,848,1
894,849,1
895,850,1
896,851,1
897,852,1
898,853,1
899,854,1
900,855,1
901,856,1
902,857,1
903,858,1
904,859,1
905,860,1
908,861,1
910,862,1
911,863,1
912,864,1
913,865,1
914,866,1
915,867,1
916,868,1
917,869,1
918,870,1
919,871,0.99996128
920,872,1
921,873,1
922,874,1
923,875,1
924,876,1
925,877,1
926,878,1
927,879,1
928,880,1
929,881,1
930,882,1
931,883,1
932,884,1
933,885,1
934,886,1
935,887,1
936,888,1
937,889,1
938,890,1
939,891,1
940,892,1
941,893,1
942,894,1
943,895,1
944,896,1
945,897,1
946,898,1
947,899,1
948,900,1
949,901,1
950,902,1
951,903,1
952,904,1
953,905,0.991643899
954,906,1
955,907,1
956,908,1
957,909,1
958,910,1
959,911,1
960,912,1
962,913,1
963,914,1
964,915,1
965,916,1
966,917,1
967,918,1
968,919,1
969,920,1
970,921,1
971,922,1
972,923,1
973,924,1
974,925,1
975,926,1
976,927,1
977,928,1
978,929,1
979,930,1
980,931,1
981,932,1
982,933,1
983,934,1
984,935,1
986,936,1
987,937,1
988,938,1
990,939,1
991,940,1
992,941,1
993,942,1
994,943,1
995,944,1
996,945,1
997,946,0.998246111
999,947,1
1000,948,1
1001,949,0.965372561
1002,950,1
1003,951,1
1004,952,1
1005,953,1
1006,954,1
1007,955,1
1008,956,1
1010,957,1
1011,958,1
1012,959,1
1013,960,1
1014,961,1
1015,962,1
1016,963,1
1017,964,1
1018,965,1
1019,966,1
1020,967,1
1021,968,1
1022,969,1
1023,970,1
1024,971,1
1025,972,1
1026,973,1
1027,974,1
1028,975,1
1029,976,1
1030,977,1
1031,978,1
1032,979,1
1033,980,1
1034,981,1
1035,982,1
1036,983,1
1037,984,1
1038,985,1
1039,986,1
1040,987,1
1041,988,1
1042,989,1
1043,990,1
1044,991,1
1045,992,1
1046,993,1
1047,994,1
1048,995,1
1049,996,1
1050,997,1
1051,998,1
1052,999,1
1053,1000,1
1054,1001,1
1055,1002,1
1056,1003,1
1057,1004,1
1058,1005,1
1059,1006,1
1060,1007,1
1061,1008,1
1062,1009,1
1063,1010,1
1064,1011,1
1065,1012,1
1067,1013,1
1068,1014,1
1069,1015,1
1070,1016,1
1071,1017,1
1072,1018,1
1073,1019,1
1074,1020,1
1075,1021,1
1076,1022,1
1077,1023,1
1078,1024,1
1079,1025,1
1080,1026,1
1081,1027,1
1082,1028,1
1084,1029,1
1085,1030,1
1086,1031,1
1088,1032,1
1089,1033,1
1090,1034,1
1091,1035,1
1092,1036,1
1094,1037,1
1095,1038,1
1096,1039,1
1097,1040,1
1098,1041,1
1099,1042,1
1100,1043,1
1101,1044,1
1102,1045,1
1103,1046,1
1104,1047,1
1105,1048,1
1106,1049,1
1107,1050,1
1108,1051,1
1109,1052,1
1110,1053,1
1111,1054,1
1112,1055,1
1113,1056,1
1114,1057,1
1115,1058,1
1116,1059,1
1117,1060,1
1118,1061,1
1119,1062,1
1120,1063,1
1121,1064,1
1122,1065,1
1123,1066,1
1124,1067,1
1125,1068,1
1127,1069,1
1130,1070,1
1132,1071,1
1133,1072,1
1134,1073,0.999971136
1135,1074,1
1138,1075,1
1144,1076,1
1145,1077,1
1146,1078,1
1147,1079,1
1148,1080,1
1149,1081,1
1150,1082,1
1151,1083,1
1152,1084,1
1153,1085,1
1154,1086,1
1155,1087,1
1156,1088,1
1157,1089,1
1158,1090,1
1159,1091,1
1160,1092,1
1161,1093,1
1162,1094,1
1163,1095,0.99682351
1164,1096,1
1166,1097,1
1167,1098,1
1168,1099,1
1169,1100,1
1170,1101,1
1171,1102,1
1172,1103,1
1173,1104,1
1174,1105,1
1175,1106,1
1176,1107,1
1177,1108,1
1178,1109,1
1179,1110,1
1180,1111,1
1181,1112,1
1182,1113,1
1183,1114,1
1184,1115,1
1185,1116,1
1186,1117,1
1187,1118,1
1188,1119,1
1189,1120,1
1190,1121,1
1191,1122,1
1192,1123,1
1193,1124,1
1194,1125,1
1195,1126,1
1196,1127,1
1198,1128,1
1199,1129,1
1202,1130,1
1203,1131,1
1204,1132,1
1205,1133,1
1206,1134,1
1207,1135,1
1208,1136,1
1210,1137,1
1211,1138,1
1212,1139,1
1213,1140,1
1214,1141,1
1215,1142,1
1216,1143,1
1217,1144,1
1218,1145,1
1219,1146,1
1220,1147,1
1221,1148,1
1222,1149,1
1223,1150,1
1224,1151,1
1225,1152,1
1226,1153,1
1227,1154,1
1228,1155,1
1229,1156,1
1230,1157,1
1231,1158,1
1232,1159,1
1233,1160,1
1234,1161,1
1235,1162,1
1236,1163,1
1237,1164,1
1238,1165,1
1239,1166,1
1240,1167,1
1241,1168,1
1242,1169,1
1243,1170,1
1244,1171,1
1245,1172,1
1246,1173,1
1247,1174,1
1248,1175,1
1249,1176,1
1250,1177,1
1251,1178,1
1252,1179,1
1253,1180,1
1254,1181,1
1255,1182,1
1256,1183,1
1257,1184,1
1258,1185,1
1259,1186,1
1260,1187,1
1261,1188,1
1262,1189,1
1263,1190,1
1265,1191,1
1266,1192,1
1267,1193,1
1268,1194,1
1269,1195,1
1270,1196,1
1271,1197,1
1272,1198,1
1273,1199,1
1275,1200,1
1276,1201,1
1277,1202,1
1278,1203,1
1280,1204,1
1281,1205,1
1282,1206,1
1283,1207,1
1284,1208,1
1285,1209,1
1286,1210,1
1287,1211,1
1288,1212,1
1289,1213,1
1290,1214,1
1291,1215,1
1292,1216,1
1293,1217,1
1294,1218,1
1295,1219,1
1296,1220,1
1297,1221,1
1298,1222,1
1299,1223,1
1300,1224,1
1301,1225,1
1302,1226,1
1303,1227,1
1304,1228,1
1305,1229,1
1306,1230,1
1307,1231,1
1308,1232,1
1309,1233,1
1310,1234,1
1311,1235,1
1312,1236,1
1313,1237,1
1314,1238,1
1315,1239,1
1316,1240,1
1317,1241,1
1318,1242,1
1319,1243,1
1320,1244,1
1321,1245,1
1322,1246,1
1323,1247,1
1324,1248,1
1325,1249,1
1326,1250,1
1327,1251,1
1328,1252,1
1329,1253,1
1330,1254,1
1331,1255,1
1332,1256,1
1333,1257,1
1334,1258,1
1335,1259,1
1336,1260,1
1337,1261,1
1338,1262,1
1339,1263,1
1340,1264,1
1341,1265,1
1342,1266,1
1343,1267,1
1344,1268,1
1345,1269,1
1346,1270,1
1347,1271,1
1348,1272,1
1349,1273,1
1351,1274,1
1352,1275,1
1354,1276,1
1355,1277,1
1356,1278,1
1357,1279,1
1358,1280,1
1359,1281,1
1360,1282,1
1361,1283,1
1362,1284,1
1363,1285,1
1364,1286,1
1365,1287,1
1366,1288,1
1367,1289,1
1368,1290,1
1369,1291,1
1370,1292,1
1371,1293,1
1372,1294,1
1373,1295,1
1374,1296,1
1375,1297,1
1376,1298,1
1377,1299,1
1379,1300,1
1380,1301,1
1381,1302,0.999967425
1382,1303,1
1383,1304,1
1384,1305,1
1385,1306,1
1386,1307,1
1387,1308,1
1388,1309,1
1389,1310,1
1390,1311,1
1391,1312,1
1392,1313,1
1393,1314,1
1394,1315,1
1395,1316,1
1396,1317,1
1397,1318,1
1398,1319,1
1399,1320,1
1400,1321,1
1401,1322,1
1402,1323,1
1403,1324,1
1404,1325,1
1405,1326,1
1406,1327,1
1407,1328,1
1408,1329,1
1409,1330,1
1410,1331,1
1411,1332,1
1412,1333,1
1413,1334,1
1414,1335,1
1415,1336,1
1416,1337,1
1417,1338,1
1418,1339,1
1420,1340,1
1421,1341,1
1422,1342,1
1423,1343,1
1424,1344,1
1425,1345,1
1426,1346,1
1427,1347,1
1429,1348,1
1430,1349,1
1431,1350,1
1432,1351,1
1433,1352,1
1434,1353,1
1435,1354,1
1436,1355,1
1437,1356,1
1438,1357,1
1439,1358,1
1440,1359,1
1441,1360,1
1442,1361,1
1443,1362,1
1444,1363,1
1445,1364,1
1446,1365,1
1447,1366,1
1448,1367,1
1449,1368,1
1450,1369,1
1451,1370,1
1452,1371,1
1453,1372,1
1454,1373,1
1455,1374,1
1456,1375,1
1457,1376,1
1458,1377,1
1459,1378,1
1460,1379,1
1461,1380,1
1462,1381,1
1464,1382,1
1465,1383,1
1466,1384,1
1467,1385,1
1468,1386,1
1471,1387,1
1472,1388,1
1473,1389,1
1474,1390,1
1475,1391,1
1476,1392,1
1477,1393,1
1478,1394,1
1479,1395,1
1480,1396,1
1481,1397,1
1482,1398,1
1483,1399,1
1484,1400,1
1485,1401,1
1486,1402,1
1487,1403,1
1488,1404,1
1489,1405,1
1490,1406,1
1491,1407,1
1492,1408,1
1493,1409,1
1494,1410,1
1495,1411,1
1496,1412,1
1497,1413,1
1498,1414,1
1499,1415,1
1500,1416,1
1501,1417,1
1502,1418,1
1503,1419,1
1504,1420,1
1505,1421,1
1506,1422,1
1507,1423,1
1508,1424,1
1509,1425,1
1510,1426,1
1511,1427,1
1512,1428,1
1513,1429,1
1514,1430,1
1515,1431,1
1516,1432,1
1517,1433,1
1518,1434,1
1519,1435,1
1520,1436,1
1521,1437,1
1522,1438,1
1523,1439,1
1524,1440,1
1525,1441,1
1526,1442,1
1527,1443,1
1528,1444,1
1529,1445,1
1530,1446,1
1531,1447,1
1532,1448,1
1533,1449,1
1534,1450,0.996187663
1535,1451,1
1536,1452,1
1537,1453,1
1538,1454,1
1539,1455,1
1540,1456,1
1541,1457,1
1542,1458,1
1543,1459,1
1544,1460,1
1545,1461,1
1546,1462,1
1547,1463,1
1548,1464,1
1549,1465,1
1550,1466,1
1551,1467,1
1552,1468,1
1553,1469,1
1554,1470,1
1555,1471,1
1556,1472,1
1557,1473,1
1559,1474,1
1560,1475,1
1561,1476,1
1562,1477,1
1563,1478,1
1564,1479,1
1565,1480,1
1566,1481,1
1567,1482,1
1568,1483,1
1569,1484,1
1570,1485,1
1571,1486,1
1572,1487,1
1574,1488,1
1575,1489,1
1576,1490,1
1577,1491,1
1578,1492,1
1579,1493,1
1580,1494,1
1582,1495,1
1583,1496,1
1584,1497,1
1585,1498,1
1586,1499,1
1588,1500,1
1589,1501,1
1590,1502,1
1591,1503,1
1592,1504,1
1593,1505,1
1595,1506,1
1596,1507,1
1597,1508,1
1598,1509,1
1599,1510,1
1600,1511,1
1601,1512,1
1602,1513,1
1603,1514,1
1604,1515,1
1605,1516,1
1606,1517,1
1608,1518,1
1609,1519,1
1611,1520,1
1612,1521,1
1613,1522,1
1614,1523,1
1615,1524,1
1616,1525,1
1617,1526,1
1618,1527,1
1619,1528,1
1620,1529,1
1621,1530,1
1622,1531,1
1623,1532,1
1624,1533,1
1626,1534,1
1627,1535,1
1628,1536,1
1630,1537,1
1631,1538,1
1632,1539,1
1634,1540,1
1635,1541,1
1636,1542,1
1637,1543,1
1638,1544,1
1639,1545,1
1640,1546,1
1641,1547,1
1642,1548,1
1643,1549,1
1644,1550,1
1645,1551,1
1646,1552,1
1647,1553,1
1648,1554,1
1649,1555,1
1650,1556,1
1651,1557,1
1652,1558,1
1653,1559,1
1654,1560,1
1655,1561,1
1656,1562,1
1657,1563,1
1659,1564,1
1660,1565,1
1661,1566,1
1663,1567,1
1666,1568,1
1668,1569,1
1669,1570,1
1670,1571,1
1671,1572,1
1673,1573,1
1674,1574,1
1675,1575,1
1676,1576,1
1678,1577,1
1679,1578,1
1680,1579,1
1681,1580,1
1682,1581,1
1683,1582,1
1684,1583,1
1686,1584,1
1687,1585,1
1688,1586,1
1689,1587,1
1690,1588,1
1691,1589,1
1692,1590,1
1693,1591,1
1696,1592,1
1697,1593,1
1698,1594,1
1699,1595,1
1700,1596,1
1701,1597,1
1702,1598,1
1704,1599,1
1705,1600,1
1706,1601,1
1707,1602,1
1708,1603,1
1709,1604,1
1710,1605,1
1711,1606,1
1712,1607,1
1713,1608,1
1714,1609,1
1715,1610,1
1716,1611,1
1717,1612,1
1718,1613,1
1719,1614,1
1720,1615,1
1721,1616,1
1722,1617,1
1723,1618,1
1724,1619,1
1726,1620,1
1728,1621,1
1729,1622,1
1730,1623,1
1731,1624,1
1733,1625,1
1734,1626,1
1736,1627,1
1737,1628,1
1738,1629,1
1739,1630,1
1740,1631,1
1741,1632,1
1742,1633,1
1743,1634,1
1744,1635,1
1745,1636,1
1746,1637,1
1747,1638,1
1748,1639,1
1749,1640,1
1750,1641,1
1751,1642,1
1752,1643,1
1753,1644,1
1754,1645,1
1756,1646,1
1757,1647,1
1758,1648,1
1759,1649,1
1760,1650,1
1761,1651,1
1762,1652,1
1763,1653,1
1764,1654,1
1765,1655,1
1766,1656,1
1767,1657,1
1768,1658,1
1769,1659,1
1770,1660,1
1771,1661,1
1773,1662,1
1775,1663,1
1776,1664,1
1777,1665,1
1778,1666,1
1779,1667,1
1780,1668,1
1781,1669,1
1782,1670,1
1783,1671,1
10214,1671,1
1784,1672,1
1785,1673,1
1786,1674,0.919531833
1787,1675,1
1788,1676,1
1789,1677,1
1790,1678,1
1791,1679,1
1792,1680,1
1793,1681,1
1794,1682,1
1795,1683,1
1796,1684,1
1797,1685,1
1798,1686,1
1799,1687,1
1800,1688,1
1801,1689,1
1802,1690,1
1803,1691,1
1804,1692,1
1805,1693,1
1806,1694,1
1807,1695,1
1809,1696,0.999415661
1810,1697,1
1811,1698,1
1812,1699,1
1813,1700,1
1814,1701,1
1815,1702,1
1817,1703,1
1818,1704,1
1819,1705,1
1820,1706,1
1821,1707,1
1822,1708,1
1823,1709,1
1824,1710,1
1825,1711,1
1826,1712,1
1827,1713,1
1828,1714,1
1829,1715,1
1830,1716,0.999135175
1831,1717,1
1832,1718,1
1835,1719,1
1836,1720,1
1837,1721,1
1838,1722,1
1839,1723,1
1840,1724,1
1841,1725,1
1842,1726,1
1843,1727,1
1844,1728,1
1845,1729,0.959785637
1846,1730,1
1847,1731,1
1848,1732,1
1849,1733,1
1851,1734,1
1852,1735,1
1853,1736,1
1854,1737,1
1855,1738,1
1856,1739,1
1857,1740,1
1858,1741,1
1859,1742,1
1860,1743,1
1861,1744,1
1862,1745,1
1863,1746,1
1864,1747,1
1865,1748,1
1866,1749,1
1867,1750,1
1868,1751,1
1869,1752,1
1870,1753,1
1871,1754,1
1872,1755,1
1873,1756,1
1874,1757,1
1875,1758,1
1876,1759,1
1877,1760,1
1878,1761,1
1879,1762,1
1880,1763,1
1881,1764,1
1882,1765,1
1883,1766,1
1884,1767,1
1885,1768,1
1886,1769,1
1887,1770,1
1888,1771,1
1889,1772,1
1890,1773,1
1891,1774,1
10168,1775,1
1892,1775,1
1893,1776,1
1894,1777,1
1895,1778,1
1896,1779,1
1897,1780,1
1899,1781,1
1900,1782,1
1901,1783,1
1902,1784,1
1903,1785,1
1905,1786,1
1906,1787,1
1907,1788,1
1908,1789,1
1909,1790,1
1910,1791,1
1911,1792,1
1912,1793,1
1913,1794,1
1914,1795,1
1915,1796,1
1916,1797,1
1917,1798,1
1918,1799,1
1919,1800,1
1920,1801,1
1921,1802,1
1922,1803,1
1923,1804,1
1924,1805,1
1925,1806,1
1926,1807,1
1927,1808,1
1928,1809,1
1929,1810,1
1930,1811,1
1931,1812,1
1932,1813,1
1933,1814,1
1934,1815,1
1935,1816,1
1936,1817,1
1937,1818,1
1938,1819,1
1939,1820,1
1940,1821,1
10004,1822,1
10003,1822,1
1942,1823,1
1943,1824,0.999809174
1944,1825,1
1945,1826,1
1948,1827,1
1949,1828,1
1950,1829,1
1951,1830,1
1952,1831,1
1953,1832,1
1954,1833,1
1955,1834,1
1956,1835,1
1957,1836,1
1958,1837,1
1959,1838,1
1960,1839,1
1961,1840,1
1963,1841,1
1964,1842,1
1965,1843,1
1966,1844,1
1967,1845,1
1968,1846,1
1969,1847,1
1970,1848,1
1971,1849,1
1972,1850,1
1974,1851,1
1975,1852,1
1976,1853,1
1978,1854,1
1979,1855,1
1980,1856,1
1981,1857,1
1982,1858,1
1983,1859,1
1984,1860,1
1985,1861,1
1986,1862,1
1987,1863,1
1988,1864,1
1989,1865,1
1990,1866,1
1991,1867,1
1992,1868,1
1993,1869,1
1994,1870,1
1995,1871,1
1996,1872,1
1997,1873,1
1998,1874,1
1999,1875,1
2000,1876,1
2001,1877,1
2002,1878,1
2003,1879,1
2004,1880,1
2006,1881,1
2350,1882,1
2351,1883,1
2352,1884,1
2353,1885,1
2354,1886,1
2355,1887,1
2356,1888,1
2357,1889,1
2358,1890,1
2359,1891,1
2360,1892,1
2361,1893,1
2362,1894,1
2363,1895,1
2364,1896,1
2365,1897,1
2366,1898,1
2367,1899,1
2368,1900,1
2369,1901,1
2370,1902,1
2371,1903,1
2372,1904,1
2374,1905,1
10138,1905,1
2375,1906,1
2376,1907,1
2377,1908,1
2380,1909,1
2418,1910,1
2419,1911,1
2420,1912,1
2421,1913,1
2422,1914,1
2423,1915,1
2424,1916,1
2425,1917,1
2426,1918,1
2427,1919,1
2428,1920,1
2429,1921,1
2430,1922,1
2431,1923,1
2432,1924,1
2433,1925,1
2434,1926,1
2435,1927,1
2436,1928,1
2437,1929,1
2438,1930,1
2439,1931,1
2440,1932,1
2441,1933,1
2442,1934,1
2443,1935,1
2444,1936,1
2445,1937,1
2446,1938,1
2448,1939,1
2449,1940,1
2450,1941,1
2451,1942,1
2452,1943,1
2499,1944,1
2501,1945,1
2502,1946,1
2504,1947,1
2505,1948,1
2506,1949,1
2508,1950,1
2509,1951,1
2510,1952,1
2511,1953,1
2512,1954,1
2514,1955,1
2515,1956,1
2517,1957,1
2518,1958,1
2519,1959,1
2520,1960,1
2521,1961,1
2522,1962,1
2523,1963,1
2524,1964,1
2525,1965,1
2526,1966,1
2527,1967,1
2528,1968,1
2529,1969,1
2530,1970,1
2531,1971,1
2532,1972,1
2557,1973,1
2558,1974,1
2559,1975,1
2560,1976,1
2561,1977,1
2562,1978,1
2563,1979,1
2564,1980,1
2565,1981,1
2566,1982,1
2567,1983,1
2568,1984,1
2569,1985,1
2570,1986,1
2571,1987,1
2572,1988,1
2573,1989,1
2574,1990,1
2575,1991,1
2576,1992,1
2577,1993,1
2578,1994,1
2579,1995,1
2580,1996,1
2581,1997,1
2582,1998,1
2583,1999,1
2584,2000,1
2585,2001,1
2586,2002,1
2587,2003,1
2588,2004,1
2589,2005,1
2590,2006,1
2591,2007,1
2592,2008,1
2593,2009,1
2594,2010,1
2595,2011,1
2596,2012,1
2597,2013,1
2598,2014,1
2599,2015,1
2600,2016,1
2601,2017,1
2602,2018,1
2603,2019,1
2604,2020,1
2605,2021,1
2606,2022,1
2607,2023,1
2608,2024,1
2609,2025,1
2610,2026,1
2611,2027,1
2612,2028,1
2613,2029,1
2614,2030,1
2615,2031,1
2616,2032,1
2617,2033,1
2618,2034,1
2619,2035,1
2620,2036,1
2621,2037,1
2622,2038,1
2623,2039,1
2624,2040,1
2625,2041,1
2626,2042,1
2627,2043,1
2628,2044,1
2629,2045,1
2630,2046,1
2631,2047,1
2632,2048,1
2633,2049,1
2634,2050,1
2635,2051,1
2754,2052,1
2755,2053,1
2756,2054,1
2757,2055,1
2758,2056,1
2759,2057,1
2760,2058,1
2761,2059,1
2762,2060,1
2763,2061,1
2764,2062,1
2775,2063,1
2776,2064,1
2777,2065,1
2778,2066,1
2779,2067,1
2780,2068,1
2781,2069,1
2782,2070,1
2783,2071,1
2784,2072,1
2785,2073,1
2786,2074,1
2787,2075,1
2788,2076,1
2789,2077,1
2790,2078,1
2791,2079,1
2792,2080,1
2793,2081,1
2794,2082,1
2795,2083,1
2796,2084,1
2797,2085,1
2798,2086,1
2799,2087,1
2800,2088,1
2801,2089,1
2802,2090,1
2803,2091,1
2804,2092,1
2805,2093,1
2806,2094,1
2807,2095,1
2808,2096,1
2809,2097,1
2810,2098,1
2811,2099,1
2812,2100,1
2928,2101,1
2929,2102,1
2930,2103,1
2931,2104,1
2932,2105,1
2933,2106,1
2934,2107,1
2935,2108,1
2936,2109,1
2937,2110,1
2938,2111,1
2939,2112,1
2940,2113,1
2941,2114,1
2942,2115,1
2943,2116,1
2944,2117,1
2945,2118,1
2946,2119,1
2947,2120,1
2948,2121,1
2949,2122,1
2950,2123,1
2951,2124,1
2952,2125,1
2954,2126,1
2955,2127,1
2956,2128,1
2957,2129,1
2958,2130,1
2959,2131,1
2960,2132,1
2961,2133,1
2962,2134,1
2963,2135,1
2964,2136,1
2965,2137,1
2966,2138,1
2967,2139,1
2968,2140,1
2969,2141,1
2970,2142,1
2971,2143,1
2972,2144,1
2973,2145,1
2974,2146,1
2975,2147,1
2976,2148,1
2977,2149,1
2978,2150,1
2979,2151,1
2980,2152,1
2981,2153,1
2982,2154,1
2983,2155,1
2984,2156,1
2985,2157,1
2986,2158,1
2987,2159,1
2988,2160,1
2989,2161,1
2990,2162,1
2991,2163,1
2992,2164,1
2993,2165,1
2994,2166,1
2995,2167,1
2996,2168,1
2997,2169,1
2998,2170,1
2999,2171,1
3000,2172,1
3001,2173,1
3002,2174,1
3003,2175,1
3004,2176,1
3005,2177,1
3006,2178,1
3007,2179,1
3008,2180,1
3009,2181,1
3010,2182,1
3031,2183,1
3032,2184,1
3033,2185,1
3034,2186,1
3035,2187,1
3036,2188,1
3037,2189,1
3038,2190,1
3039,2191,1
3040,2192,1
3041,2193,1
3074,2194,1
3075,2195,1
3076,2196,1
3077,2197,1
3078,2198,1
3079,2199,1
3080,2200,1
3081,2201,1
3082,2202,1
3083,2203,1
3084,2204,1
3085,2205,1
3086,2206,1
3087,2207,1
3088,2208,1
3101,2209,1
3102,2210,1
3103,2211,1
3105,2212,1
3106,2213,1
3107,2214,1
3108,2215,1
3109,2216,1
3110,2217,1
3111,2218,1
3112,2219,1
3113,2220,1
3114,2221,1
3129,2222,1
3130,2223,1
3131,2224,1
3132,2225,1
3133,2226,1
3134,2227,1
3135,2228,1
3136,2229,1
3137,2230,1
3138,2231,1
3139,2232,1
3140,2233,1
3141,2234,1
3142,2235,1
3143,2236,1
3144,2237,1
3145,2238,1
3146,2239,1
3147,2240,1
3148,2241,1
3149,2242,1
3150,2243,1
3151,2244,1
3152,2245,1
3153,2246,1
3154,2247,1
3155,2248,1
3156,2249,1
3157,2250,1
3330,2251,1
3331,2252,1
3332,2253,1
3333,2254,1
3340,2255,1
3341,2256,1
3352,2257,1
3353,2258,1
3354,2259,1
6792,2260,1
6793,2261,1
6794,2262,1
10377,2263,1
10378,2263,1
10379,2263,1
10380,2263,1
10382,2263,1
10381,2263,1
10383,2263,1
10384,2263,1
6796,2264,1
6797,2265,1
6798,2266,1
6799,2267,1
6800,2268,1
6801,2269,1
6802,2270,1
6803,2271,1
6804,2272,1
6805,2273,1
6806,2274,1
6807,2275,1
6832,2276,1
6833,2277,1
6834,2278,1
6840,2279,0.997700872
6841,2280,1
6842,2281,1
6843,2282,1
6844,2283,0.999701822
6845,2284,1
6846,2285,1
6847,2286,0.99880794
6848,2287,1
6849,2288,1
6850,2289,1
10375,2290,1
10376,2290,1
6881,2291,1
6883,2292,1
6885,2293,1
6887,2294,1
6889,2295,1
6891,2296,1
6893,2297,1
6895,2298,1
6897,2299,1
6899,2300,1
6911,2301,1
6913,2302,1
6915,2303,1
6917,2304,1
10273,2304,1
10275,2304,1
10274,2304,1
6919,2305,1
6921,2306,1
6925,2308,1
6927,2309,1
10178,2310,1
10241,2311,1
10242,2311,1
10062,2312,1
10061,2312,1
10227,2313,1
10228,2313,1
10229,2313,1
10237,2313,1
10230,2313,1
10231,2313,1
10239,2313,1
10235,2313,1
10233,2313,1
10236,2313,0.757057902
10234,2313,1
10232,2313,1
10238,2313,1
10240,2313,1
6937,2314,1
10247,2315,1
10253,2315,1
10245,2315,1
10251,2315,1
10246,2315,1
10249,2315,1
10252,2315,1
10248,2315,1
10250,2315,1
10065,2316,1
10066,2316,1
10357,2317,1
10356,2317,1
10346,2318,1
10344,2318,1
10345,2318,1
10329,2319,1
10333,2319,1
10334,2319,1
10330,2319,1
10335,2319,1
10337,2319,0.874823828
10325,2319,1
10324,2319,1
10338,2319,1
10336,2319,1
10331,2319,1
10332,2319,1
10323,2319,1
10327,2319,1
10328,2319,1
10326,2319,1
10318,2320,1
10317,2320,1
10319,2320,1
10320,2320,1
10322,2320,1
10321,2320,1
10316,2321,1
10315,2321,1
10006,2321,1
10312,2321,1
10311,2321,1
10313,2321,1
10314,2321,1
6963,2322,1
6965,2323,1
10086,2324,1
10087,2324,1
10085,2324,1
10091,2325,1
10095,2325,1
10094,2325,1
10096,2325,1
10089,2325,1
10092,2325,1
10093,2325,1
10088,2325,1
10090,2325,1
10301,2326,1
10300,2326,1
10302,2326,1
10299,2326,1
10298,2326,1
6975,2327,1
6977,2328,1
6979,2329,1
6981,2330,1
6983,2331,1
6985,2332,1
6987,2333,1
6989,2334,1
6991,2335,1
6993,2336,1
6995,2337,1
6997,2338,1
6999,2339,1
7001,2340,1
7003,2341,1
10068,2341,1
10067,2341,1
7005,2342,1
7007,2343,0.999975447
7009,2344,1
10054,2344,1
10056,2344,1
10055,2344,1
7011,2345,1
10057,2345,1
7013,2346,1
10060,2346,1
10059,2346,1
10058,2347,1
7015,2347,1
7017,2348,1
10268,2349,1
10270,2349,0.561947077
10267,2350,1
10266,2350,0.999425659
10270,2350,0.438052923
7023,2351,1
10271,2352,1
10272,2352,1
7025,2352,0.985549399
10264,2353,1
10265,2353,1
7027,2353,1
7029,2354,1
7031,2355,1
7033,2356,1
7035,2357,1
10064,2357,1
10063,2357,1
10001,2358,1
10002,2358,1
7041,2360,1
7043,2361,1
7045,2362,1
7047,2363,1
7049,2364,1
7051,2365,1
10254,2366,1
7055,2367,1
7057,2368,1
7059,2369,1
7061,2370,1
10243,2371,1
7065,2372,1
7067,2373,1
10070,2373,1
10173,2374,1
10174,2374,1
10179,2374,1
10180,2374,1
10181,2374,1
7069,2374,1
7071,2375,1
10177,2376,0.162549856
7073,2376,1
7075,2377,1
7077,2378,1
7079,2379,1
7081,2380,1
7083,2381,1
7085,2382,1
7087,2383,1
7089,2384,1
7091,2385,1
7093,2386,0.999905039
10236,2387,0.242942098
7095,2387,0.993866628
10226,2388,1
10225,2388,1
10218,2388,1
10217,2388,1
10219,2388,1
10224,2388,1
10216,2388,1
10221,2388,1
10220,2388,1
10222,2388,1
10223,2388,1
10215,2388,1
7097,2388,1
7101,2389,1
10358,2390,1
10359,2390,1
7105,2391,1
7107,2392,1
7109,2393,1
7111,2394,1
10355,2395,1
10354,2395,1
7115,2396,1
7117,2397,1
7119,2398,1
7121,2399,1
7123,2400,1
10342,2400,1
7125,2401,1
10341,2401,1
7127,2402,1
10343,2402,1
10340,2403,1
7129,2403,1
10339,2403,1
7131,2404,1
7133,2405,1
7135,2406,1
10337,2406,0.125176172
7137,2407,1
7139,2408,1
7141,2409,1
7143,2410,1
7145,2411,1
7147,2412,1
7149,2413,1
7151,2414,1
7153,2415,1
7155,2416,1
7157,2417,1
10005,2418,1
7161,2419,1
7163,2420,1
7165,2421,1
7167,2422,1
7169,2423,1
7171,2424,1
7173,2425,1
7175,2426,1
7177,2427,1
7181,2428,1
7183,2429,1
10082,2429,1
10074,2430,1
10075,2430,1
10084,2430,1
10083,2430,1
10079,2430,1
10080,2430,1
10077,2430,1
10076,2430,1
10078,2430,1
10081,2430,1
7185,2430,0.911849953
7187,2431,1
7189,2432,1
7191,2433,1
10296,2434,1
10297,2434,1
7195,2435,1
7197,2436,1
7199,2437,1
7201,2438,1
7203,2439,1
7205,2440,1
7207,2441,1
7211,2442,1
7217,2443,1
7219,2444,1
7209,2444,1
7221,2445,1
7223,2446,1
7225,2447,1
7213,2448,0.62452675
7227,2448,1
7231,2449,1
7233,2450,1
7235,2451,1
7237,2452,1
7239,2453,1
10175,2454,1
10169,2454,1
10170,2454,1
10172,2454,1
10171,2454,1
10176,2454,1
7241,2454,1
10177,2454,0.837450144
7243,2455,1
7245,2456,1
7247,2457,1
7213,2457,0.37547325
7249,2458,1
7251,2459,1
7253,2460,1
7255,2461,1
7257,2462,0.883258373
7259,2463,1
7261,2464,1
7263,2465,1
7265,2466,1
7267,2467,1
7269,2468,1
7271,2469,1
7273,2470,1
10167,2471,1
10137,2472,1
7281,2473,1
7283,2474,1
7285,2475,1
7287,2476,1
7289,2477,1
7291,2478,1
7694,2479,1
7696,2480,1
7697,2481,1
7698,2482,1
7699,2483,1
10069,2483,1
6847,2484,0.00119206
6840,2485,0.002299128
1943,2486,0.000190826
1845,2487,0.040214363
1830,2488,0.000864825
1809,2489,0.000584339
10266,2490,0.000574341
7025,2491,0.014450601
1381,2492,3.26E-05
7185,2493,0.088150047
1163,2494,0.00317649
1134,2495,2.89E-05
1001,2496,0.034627439
527,2497,0.054939328
521,2498,0.024771141
512,2499,0.114852492
206,2500,0.003462146
6844,2501,0.0002963
6844,2502,1.88E-06
7007,2503,2.46E-05
997,2504,0.001753889
419,2505,0.023075097
919,2506,3.87E-05
953,2507,0.008356101
1534,2508,0.003812337
7257,2509,0.116741627
1786,2510,0.080468167
7095,2511,0.006133372
7093,2512,9.50E-05
10310,2513,1
10306,2513,1
10308,2514,1
10307,2514,1
10309,2514,1
10303,2515,1
10304,2515,1
10305,2516,1
4626,2579,1
4625,2579,1
4623,2579,1
4622,2579,1
4624,2579,1
4621,2579,1
4620,2579,1
4619,2579,1
4618,2579,1
4632,2579,1
7058,2579,1
4631,2579,1
4630,2579,1
4629,2579,1
4628,2579,1
4627,2579,1
3050,2580,1
3051,2580,1
3049,2580,1
3052,2580,1
3047,2580,1
3046,2580,1
3045,2580,1
3044,2580,1
3043,2580,1
3053,2580,1
3048,2580,1
3042,2580,1
3054,2580,1
6851,2581,1
6852,2582,1
6853,2583,1
6854,2584,1
6855,2585,1
6856,2586,1
6857,2587,1
6858,2588,1
6859,2589,1
6860,2590,1
6861,2591,1
6862,2592,1
6863,2593,1
6864,2594,1
6865,2595,1
6866,2596,1
6867,2597,1
6868,2598,1
6869,2599,1
6870,2600,1
6871,2601,1
6872,2602,1
6873,2603,1
6874,2604,1
6875,2605,1
6876,2606,1
6877,2607,1
4490,2608,1
4489,2608,1
4471,2608,1
4488,2608,1
4473,2608,1
4472,2608,1
4456,2608,1
4470,2608,1
4480,2608,1
4483,2608,1
4482,2608,1
4481,2608,1
4478,2608,1
4469,2608,1
4479,2608,1
4468,2608,1
4467,2608,1
4477,2608,1
4466,2608,1
4465,2608,1
4464,2608,1
4463,2608,1
4476,2608,1
4462,2608,1
4461,2608,1
7410,2608,1
4475,2608,1
4474,2608,1
4459,2608,1
4460,2608,1
4457,2608,1
4458,2608,1
4412,2608,1
4411,2608,1
4409,2608,1
4406,2608,1
4487,2608,1
4408,2608,1
4407,2608,1
4486,2608,1
4404,2608,1
4403,2608,1
4402,2608,1
4485,2608,1
4484,2608,1
4416,2608,1
4415,2608,1
4413,2608,1
4506,2608,1
4505,2608,1
4507,2608,1
4504,2608,1
4410,2608,1
4502,2608,1
4503,2608,1
4499,2608,1
4501,2608,1
4500,2608,1
4405,2608,1
4498,2608,1
4496,2608,1
4495,2608,1
4497,2608,1
4494,2608,1
4493,2608,1
4492,2608,1
4491,2608,1
4414,2608,1
4418,2609,1
4436,2609,1
4434,2609,1
4435,2609,1
4433,2609,1
4428,2609,1
4425,2609,1
7456,2609,1
7458,2609,1
6228,2609,1
4417,2609,1
7452,2609,1
4437,2609,1
4432,2609,1
4431,2609,1
4429,2609,1
4430,2609,1
7454,2609,1
4424,2609,1
4423,2609,1
4421,2609,1
4422,2609,1
4420,2609,1
4419,2609,1
2692,2610,1
2690,2610,1
3329,2610,1
2700,2610,1
2698,2610,1
2699,2610,1
2697,2610,1
2696,2610,1
2695,2610,1
7486,2610,1
7488,2610,1
2691,2610,1
2693,2610,1
6481,2611,1
6480,2611,1
6479,2611,1
6477,2611,1
6478,2611,1
6476,2611,1
7210,2611,1
6914,2611,1
6830,2612,1
4648,2613,1
4647,2613,1
4646,2613,1
4644,2613,1
4645,2613,1
7036,2613,1
7268,2613,1
4641,2613,1
4639,2613,1
4638,2613,1
4637,2613,1
4636,2613,1
4635,2613,1
7048,2613,1
7274,2613,1
4659,2613,1
4657,2613,1
7260,2613,1
10119,2613,1
10120,2613,1
4642,2613,1
4640,2613,1
4694,2613,1
4693,2613,1
4668,2613,1
4669,2613,1
4691,2613,1
4667,2613,1
4689,2613,1
4666,2613,1
4684,2613,1
4686,2613,1
4685,2613,1
4683,2613,1
5945,2613,1
5946,2613,1
4665,2613,1
4664,2613,1
4679,2613,1
4663,2613,1
4662,2613,1
4661,2613,1
4658,2613,1
4660,2613,1
4697,2613,1
4698,2613,1
4695,2613,1
4692,2613,1
4690,2613,1
4688,2613,1
4687,2613,1
4682,2613,1
4681,2613,1
4680,2613,1
4677,2613,1
4678,2613,1
4656,2613,1
4655,2613,1
4653,2613,1
4652,2613,1
4650,2613,1
4651,2613,1
4649,2613,1
4676,2613,1
4675,2613,1
4674,2613,1
4673,2613,1
4672,2613,1
4696,2613,1
4671,2613,1
4670,2613,1
6828,2614,1
4720,2615,1
4719,2615,1
4718,2615,1
4717,2615,1
4716,2615,1
7284,2615,1
7152,2615,1
4714,2615,1
4713,2615,1
4712,2615,1
5947,2615,1
3094,2616,1
3072,2616,1
3071,2616,1
3070,2616,1
3069,2616,1
3066,2616,1
3068,2616,1
3067,2616,1
3065,2616,1
3064,2616,1
3061,2616,1
3063,2616,1
3062,2616,1
3073,2616,1
3098,2616,1
3100,2616,1
3099,2616,1
3097,2616,1
3095,2616,1
3096,2616,1
3093,2616,1
3092,2616,1
3091,2616,1
3090,2616,1
3089,2616,1
6809,2617,1
6533,2618,1
6529,2618,1
2653,2618,1
2652,2618,1
2651,2618,1
6535,2618,1
6534,2618,1
6532,2618,1
6531,2618,1
6530,2618,1
2654,2618,1
2649,2618,1
2650,2618,1
2647,2618,1
2648,2618,1
2646,2618,1
2644,2618,1
2645,2618,1
2642,2618,1
2643,2618,1
2641,2618,1
2640,2618,1
2639,2618,1
2638,2618,1
2637,2618,1
2636,2618,1
3358,2619,1
6335,2620,1
6334,2620,1
6345,2620,1
6344,2620,1
6297,2620,1
6295,2620,1
6296,2620,1
6343,2620,1
6342,2620,1
6341,2620,1
6340,2620,1
6339,2620,1
6338,2620,1
6337,2620,1
6336,2620,1
6362,2620,1
6308,2620,1
6305,2620,1
6304,2620,1
6360,2620,1
6302,2620,1
6303,2620,1
6300,2620,1
6978,2620,1
6357,2620,1
6301,2620,1
6358,2620,1
6359,2620,1
6355,2620,1
6974,2620,1
6298,2620,1
6299,2620,1
6880,2620,1
6972,2620,1
6970,2620,1
10045,2620,1
10044,2620,1
6331,2620,1
6354,2620,1
10046,2620,1
6332,2620,1
6878,2620,1
6352,2620,1
6351,2620,1
10047,2620,1
6320,2620,1
6330,2620,1
10042,2620,1
7090,2620,1
6318,2620,1
6329,2620,1
6317,2620,1
10040,2620,1
6348,2620,1
10039,2620,1
6347,2620,1
6328,2620,1
6316,2620,1
6346,2620,1
6325,2620,1
6327,2620,1
10038,2620,1
10043,2620,1
6326,2620,1
6324,2620,1
6323,2620,1
6314,2620,1
10041,2620,1
6322,2620,1
6313,2620,1
6321,2620,1
6311,2620,1
7360,2620,1
7358,2620,1
6367,2620,1
10036,2620,1
10035,2620,1
7304,2620,1
10034,2620,1
6366,2620,1
6306,2620,1
6364,2620,1
6309,2620,1
10037,2620,1
6361,2620,1
6365,2620,1
7306,2620,1
6916,2621,1
6376,2621,1
6390,2621,1
6389,2621,1
6388,2621,1
6374,2621,1
7206,2621,1
6370,2621,1
6369,2621,1
6413,2621,1
6372,2621,1
6371,2621,1
6411,2621,1
6412,2621,1
6410,2621,1
6368,2621,1
6409,2621,1
6407,2621,1
6406,2621,1
6405,2621,1
6408,2621,1
6403,2621,1
6404,2621,1
6387,2621,1
6386,2621,1
6383,2621,1
6385,2621,1
6384,2621,1
6382,2621,1
6380,2621,1
6381,2621,1
6379,2621,1
6402,2621,1
6378,2621,1
6401,2621,1
6377,2621,1
6400,2621,1
7368,2621,1
6399,2621,1
6397,2621,1
6396,2621,1
7366,2621,1
6395,2621,1
6394,2621,1
6393,2621,1
6375,2621,1
6391,2621,1
6392,2621,1
6468,2622,1
6152,2622,1
6474,2622,1
6151,2622,1
6149,2622,1
6458,2622,1
6150,2622,1
6457,2622,1
6456,2622,1
6454,2622,1
6455,2622,1
6453,2622,1
6451,2622,1
6452,2622,1
7312,2622,1
7314,2622,1
6450,2622,1
6448,2622,1
6473,2622,1
6447,2622,1
6446,2622,1
6472,2622,1
6445,2622,1
6444,2622,1
6442,2622,1
6443,2622,1
6470,2622,1
6471,2622,1
6441,2622,1
6440,2622,1
6469,2622,1
6147,2622,1
6433,2622,1
6980,2622,1
10131,2622,1
6144,2622,1
6143,2622,1
6164,2622,1
6982,2622,1
6141,2622,1
6140,2622,1
6139,2622,1
6138,2622,1
6137,2622,1
6136,2622,1
6162,2622,1
6432,2622,1
6163,2622,1
6133,2622,1
6135,2622,1
6134,2622,1
6132,2622,1
6130,2622,1
6128,2622,1
6431,2622,1
6129,2622,1
6131,2622,1
6127,2622,1
6126,2622,1
6125,2622,1
6124,2622,1
6122,2622,1
6123,2622,1
6161,2622,1
7364,2622,1
7362,2622,1
6430,2622,1
6120,2622,1
6159,2622,1
6119,2622,1
6160,2622,1
6118,2622,1
6117,2622,1
6158,2622,1
6428,2622,1
6157,2622,1
6429,2622,1
6779,2622,1
6155,2622,1
6154,2622,1
6153,2622,1
6439,2622,1
6438,2622,1
6437,2622,1
10051,2622,1
10050,2622,1
6435,2622,1
6434,2622,1
6148,2622,1
10133,2622,1
6146,2622,1
2179,2623,1
2178,2623,1
2176,2623,1
2177,2623,1
2175,2623,1
2174,2623,1
2171,2623,1
2173,2623,1
2172,2623,1
2205,2623,1
2204,2623,1
2203,2623,1
2202,2623,1
2201,2623,1
2199,2623,1
2200,2623,1
2198,2623,1
2197,2623,1
2196,2623,1
2195,2623,1
2194,2623,1
2193,2623,1
2191,2623,1
2192,2623,1
2190,2623,1
2189,2623,1
2188,2623,1
2187,2623,1
2185,2623,1
2186,2623,1
2183,2623,1
2184,2623,1
2181,2623,1
2182,2623,1
2180,2623,1
2211,2623,1
2212,2623,1
2213,2623,1
2206,2623,1
2210,2623,1
2209,2623,1
2208,2623,1
2207,2623,1
4789,2624,1
4788,2624,1
4787,2624,1
4786,2624,1
4785,2624,1
4784,2624,1
4782,2624,1
4783,2624,1
4781,2624,1
4780,2624,1
4779,2624,1
4807,2624,1
4806,2624,1
4804,2624,1
4778,2624,1
4802,2624,1
4777,2624,1
4801,2624,1
4776,2624,1
4775,2624,1
10286,2624,1
4774,2624,1
4772,2624,1
4800,2624,1
4773,2624,1
10289,2624,1
10287,2624,1
10290,2624,1
10293,2624,1
6998,2624,1
7328,2624,1
4799,2624,1
6996,2624,1
5962,2624,1
10285,2624,1
10291,2624,1
10288,2624,1
4796,2624,1
10292,2624,1
5963,2624,1
4834,2624,1
4771,2624,1
4795,2624,1
4770,2624,1
4769,2624,1
4768,2624,1
4832,2624,1
4831,2624,1
4833,2624,1
4813,2624,1
4812,2624,1
4811,2624,1
4830,2624,1
4829,2624,1
4793,2624,1
4810,2624,1
4809,2624,1
4794,2624,1
4792,2624,1
4828,2624,1
4791,2624,1
4827,2624,1
4808,2624,1
4790,2624,1
4826,2624,1
4825,2624,1
4823,2624,1
4824,2624,1
4805,2624,1
4822,2624,1
4821,2624,1
4803,2624,1
4820,2624,1
4818,2624,1
4819,2624,1
4817,2624,1
4816,2624,1
4815,2624,1
4814,2624,1
4869,2625,1
4867,2625,1
4865,2625,1
4866,2625,1
4864,2625,1
4863,2625,1
4861,2625,1
4857,2625,1
4932,2625,1
4929,2625,1
4988,2625,1
4987,2625,1
4868,2625,1
4931,2625,1
4926,2625,1
4928,2625,1
4927,2625,1
4925,2625,1
4922,2625,1
4923,2625,1
4921,2625,1
4986,2625,1
5974,2625,1
4924,2625,1
4984,2625,1
4920,2625,1
4918,2625,1
4919,2625,1
4862,2625,1
4985,2625,1
4860,2625,1
4859,2625,1
7126,2625,1
4917,2625,1
7128,2625,1
4858,2625,1
4971,2625,1
4970,2625,1
4969,2625,1
4967,2625,1
4968,2625,1
4966,2625,1
4965,2625,1
4964,2625,1
4935,2625,1
4998,2625,1
4874,2625,1
4873,2625,1
4872,2625,1
4997,2625,1
4996,2625,1
4995,2625,1
4992,2625,1
4934,2625,1
4994,2625,1
4999,2625,1
4933,2625,1
4993,2625,1
4991,2625,1
4871,2625,1
4990,2625,1
4989,2625,1
4870,2625,1
4930,2625,1
5867,2626,1
6888,2626,1
5878,2626,1
5876,2626,1
5877,2626,1
5874,2626,1
5875,2626,1
5873,2626,1
5872,2626,1
5871,2626,1
7388,2626,1
5868,2626,1
5870,2626,1
7218,2626,1
7386,2626,1
2658,2627,1
2659,2627,1
2677,2627,1
2675,2627,1
2676,2627,1
2674,2627,1
2671,2627,1
2670,2627,1
2666,2627,1
2657,2627,1
2656,2627,1
2655,2627,1
6547,2627,1
6544,2627,1
6542,2627,1
6541,2627,1
6540,2627,1
6538,2627,1
2673,2627,1
2672,2627,1
2669,2627,1
2668,2627,1
2667,2627,1
2665,2627,1
2664,2627,1
2663,2627,1
6549,2627,1
6537,2627,1
6548,2627,1
7356,2627,1
6545,2627,1
6543,2627,1
6536,2627,1
6539,2627,1
2680,2627,1
2679,2627,1
2662,2627,1
2660,2627,1
2661,2627,1
2678,2627,1
6615,2628,1
6614,2628,1
6612,2628,1
6613,2628,1
6611,2628,1
6610,2628,1
6608,2628,1
6607,2628,1
6604,2628,1
6602,2628,1
6599,2628,1
6593,2628,1
6609,2628,1
6606,2628,1
6605,2628,1
6603,2628,1
6601,2628,1
6600,2628,1
6597,2628,1
6596,2628,1
6598,2628,1
6595,2628,1
6594,2628,1
6554,2629,1
6552,2629,1
5013,2629,1
5014,2629,1
7506,2629,1
5055,2629,1
7030,2629,1
5011,2629,1
5053,2629,1
5054,2629,1
5069,2629,1
5010,2629,1
5070,2629,1
5067,2629,1
6553,2629,1
5009,2629,1
5051,2629,1
5052,2629,1
5049,2629,1
6550,2629,1
5050,2629,1
6551,2629,1
5075,2629,1
5073,2629,1
5072,2629,1
7508,2629,1
5068,2629,1
5066,2629,1
5065,2629,1
5021,2629,1
5059,2629,1
5024,2629,1
5025,2629,1
5023,2629,1
5058,2629,1
5022,2629,1
5074,2629,1
5020,2629,1
5018,2629,1
5019,2629,1
5056,2629,1
5017,2629,1
5016,2629,1
7032,2629,1
7028,2629,1
5057,2629,1
5076,2629,1
6626,2630,1
6625,2630,1
6627,2630,1
6624,2630,1
6623,2630,1
6621,2630,1
6620,2630,1
6619,2630,1
6617,2630,1
6618,2630,1
6616,2630,1
6622,2630,1
5078,2630,1
5077,2630,1
6628,2630,1
6633,2631,1
5082,2631,1
5081,2631,1
5080,2631,1
6632,2631,1
6631,2631,1
5086,2631,1
6634,2631,1
5085,2631,1
5084,2631,1
5083,2631,1
5079,2631,1
6630,2631,1
6629,2631,1
3325,2632,1
2731,2632,1
7482,2632,1
7484,2632,1
2730,2632,1
2729,2632,1
2728,2632,1
2726,2632,1
2725,2632,1
2724,2632,1
2723,2632,1
3835,2633,1
3834,2633,1
3833,2633,1
3854,2633,1
3852,2633,1
3851,2633,1
3850,2633,1
3848,2633,1
7414,2633,1
3849,2633,1
3847,2633,1
7416,2633,1
3845,2633,1
5939,2633,1
3844,2633,1
3841,2633,1
3842,2633,1
3843,2633,1
3840,2633,1
3838,2633,1
3839,2633,1
3837,2633,1
3836,2633,1
7688,2633,1
7687,2633,1
7686,2633,1
10280,2633,1
10281,2633,1
10279,2633,1
3863,2633,1
3861,2633,1
3859,2633,1
3860,2633,1
3858,2633,1
3856,2633,1
3857,2633,1
3855,2633,1
3853,2633,1
2472,2634,1
2468,2634,1
2459,2634,1
2458,2634,1
2453,2634,1
2475,2634,1
2474,2634,1
7200,2634,1
2471,2634,1
2470,2634,1
7198,2634,1
2467,2634,1
2469,2634,1
2466,2634,1
2465,2634,1
2464,2634,1
2462,2634,1
2463,2634,1
2460,2634,1
2461,2634,1
2457,2634,1
2455,2634,1
2456,2634,1
2454,2634,1
5235,2635,1
5234,2635,1
5233,2635,1
5232,2635,1
5231,2635,1
5138,2635,1
5229,2635,1
5230,2635,1
5228,2635,1
5137,2635,1
5136,2635,1
5225,2635,1
7450,2635,1
7448,2635,1
5131,2635,1
5135,2635,1
5226,2635,1
5224,2635,1
5167,2635,1
5199,2635,1
5198,2635,1
5197,2635,1
5196,2635,1
5195,2635,1
5123,2635,1
5194,2635,1
5192,2635,1
5193,2635,1
5191,2635,1
5189,2635,1
5190,2635,1
5188,2635,1
5165,2635,1
5163,2635,1
5162,2635,1
5160,2635,1
5161,2635,1
5159,2635,1
5158,2635,1
5156,2635,1
5157,2635,1
5155,2635,1
5166,2635,1
5164,2635,1
5134,2635,1
5133,2635,1
5132,2635,1
5130,2635,1
5129,2635,1
5127,2635,1
5128,2635,1
5126,2635,1
5125,2635,1
5124,2635,1
5122,2635,1
5154,2635,1
5153,2635,1
5099,2635,1
5098,2635,1
5096,2635,1
5094,2635,1
5091,2635,1
5090,2635,1
5089,2635,1
5088,2635,1
5139,2635,1
5087,2635,1
5097,2635,1
5239,2635,1
5093,2635,1
5095,2635,1
5092,2635,1
5237,2635,1
5238,2635,1
5236,2635,1
5186,2636,1
5185,2636,1
5184,2636,1
5183,2636,1
5181,2636,1
5178,2636,1
5179,2636,1
5180,2636,1
5177,2636,1
10100,2636,1
5176,2636,1
5175,2636,1
5174,2636,1
7046,2636,1
5172,2636,1
7272,2636,1
5170,2636,1
5171,2636,1
5169,2636,1
5168,2636,1
5150,2636,1
5148,2636,1
5146,2636,1
5145,2636,1
5140,2636,1
5142,2636,1
5143,2636,1
5141,2636,1
5182,2636,1
5152,2636,1
5151,2636,1
5147,2636,1
5149,2636,1
5144,2636,1
7270,2636,1
7042,2636,1
5200,2637,1
5119,2637,1
5118,2637,1
5117,2637,1
5113,2637,1
5116,2637,1
5115,2637,1
5114,2637,1
10097,2637,1
5111,2637,1
10098,2637,1
10099,2637,1
5108,2637,1
5110,2637,1
7044,2637,1
5107,2637,1
5109,2637,1
5106,2637,1
5104,2637,1
5103,2637,1
5105,2637,1
5102,2637,1
5100,2637,1
5101,2637,1
5211,2637,1
5208,2637,1
5210,2637,1
5209,2637,1
5207,2637,1
5206,2637,1
5223,2637,1
5222,2637,1
5205,2637,1
5221,2637,1
5204,2637,1
5203,2637,1
5220,2637,1
5219,2637,1
5217,2637,1
5216,2637,1
5218,2637,1
5215,2637,1
5202,2637,1
5214,2637,1
5213,2637,1
5212,2637,1
5201,2637,1
5120,2637,1
5121,2637,1
2734,2638,1
2733,2638,1
2745,2638,1
2744,2638,1
2742,2638,1
2743,2638,1
2741,2638,1
2740,2638,1
7162,2638,1
2738,2638,1
2737,2638,1
7256,2638,1
2736,2638,1
2735,2638,1
2732,2638,1
6293,2639,1
6289,2639,1
6288,2639,1
6285,2639,1
6278,2639,1
6277,2639,1
6294,2639,1
6292,2639,1
6291,2639,1
6287,2639,1
6290,2639,1
10031,2639,1
6284,2639,1
6282,2639,1
6283,2639,1
6281,2639,1
6280,2639,1
10032,2639,1
6279,2639,1
7220,2640,1
6892,2640,1
5354,2640,1
5353,2640,1
5253,2640,1
5252,2640,1
5352,2640,1
5351,2640,1
5967,2640,1
5968,2640,1
7504,2640,1
5349,2640,1
5347,2640,1
10130,2640,1
5251,2640,1
5346,2640,1
7500,2640,1
5249,2640,1
10129,2640,1
5248,2640,1
5250,2640,1
5247,2640,1
5246,2640,1
5244,2640,1
5245,2640,1
5243,2640,1
5344,2640,1
5242,2640,1
5241,2640,1
5240,2640,1
5960,2641,1
7392,2641,1
5961,2641,1
5267,2641,1
5284,2641,1
7002,2641,1
5266,2641,1
5265,2641,1
7000,2641,1
5263,2641,1
5264,2641,1
5389,2641,1
7122,2641,1
5262,2641,1
5258,2641,1
5387,2641,1
5259,2641,1
5386,2641,1
5385,2641,1
5257,2641,1
7120,2641,1
5261,2641,1
5260,2641,1
5382,2641,1
5256,2641,1
5383,2641,1
5254,2641,1
5255,2641,1
5381,2641,1
5380,2641,1
5379,2641,1
5376,2641,1
5378,2641,1
5377,2641,1
5374,2641,1
5375,2641,1
5373,2641,1
7116,2641,1
5297,2641,1
5294,2641,1
7114,2641,1
5293,2641,1
5292,2641,1
5291,2641,1
5289,2641,1
5290,2641,1
5270,2641,1
5269,2641,1
5287,2641,1
5286,2641,1
5288,2641,1
7390,2641,1
5356,2642,1
4364,2642,1
5271,2642,1
5307,2642,1
5305,2642,1
5304,2642,1
5278,2642,1
5302,2642,1
5279,2642,1
5301,2642,1
5303,2642,1
7398,2642,1
5277,2642,1
5300,2642,1
5299,2642,1
5275,2642,1
5274,2642,1
5273,2642,1
5276,2642,1
5272,2642,1
5298,2642,1
4365,2642,1
4366,2642,1
5310,2642,1
5333,2642,1
4390,2642,1
5332,2642,1
7006,2642,1
4387,2642,1
5334,2642,1
4391,2642,1
4383,2642,1
4385,2642,1
4384,2642,1
4380,2642,1
4379,2642,1
4377,2642,1
4378,2642,1
5309,2642,1
4375,2642,1
4374,2642,1
4371,2642,1
5331,2642,1
5330,2642,1
4370,2642,1
4369,2642,1
4368,2642,1
5283,2642,1
4367,2642,1
5282,2642,1
5281,2642,1
5308,2642,1
5280,2642,1
5306,2642,1
5315,2642,1
5311,2642,1
5371,2642,1
5372,2642,1
5368,2642,1
5370,2642,1
5369,2642,1
5367,2642,1
4399,2642,1
5364,2642,1
4395,2642,1
5365,2642,1
5366,2642,1
4398,2642,1
4394,2642,1
4393,2642,1
4392,2642,1
4388,2642,1
4382,2642,1
4381,2642,1
5363,2642,1
4376,2642,1
5362,2642,1
4386,2642,1
4373,2642,1
4372,2642,1
5361,2642,1
7334,2642,1
5359,2642,1
7332,2642,0.923264249
5358,2642,1
5412,2642,1
5413,2642,1
5411,2642,1
5410,2642,1
5409,2642,1
5408,2642,1
5405,2642,1
5406,2642,1
5407,2642,1
5404,2642,1
5403,2642,1
5343,2642,1
5402,2642,1
5401,2642,1
5342,2642,1
5328,2642,1
5400,2642,1
5399,2642,1
5397,2642,1
5398,2642,1
5396,2642,1
5324,2642,1
5326,2642,1
5322,2642,1
5340,2642,1
5341,2642,1
5395,2642,1
5339,2642,1
5320,2642,1
5319,2642,1
5318,2642,1
5394,2642,1
5316,2642,1
5338,2642,1
5314,2642,1
5313,2642,1
5312,2642,1
5393,2642,1
5337,2642,1
5953,2642,1
5392,2642,1
5336,2642,1
7010,2642,1
5391,2642,1
4401,2642,1
4400,2642,1
5952,2642,1
4397,2642,1
7004,2642,1
5335,2642,1
7008,2642,1
5415,2642,1
5414,2642,1
5329,2642,1
5327,2642,1
5325,2642,1
5323,2642,1
5317,2642,1
5321,2642,1
2874,2643,1
2875,2643,1
2873,2643,1
7446,2643,1
2871,2643,1
2870,2643,1
2869,2643,1
2876,2643,1
7444,2643,1
2868,2643,1
2867,2643,1
2866,2643,1
2406,2644,1
7492,2644,1
7490,2644,1
2404,2644,1
2405,2644,1
2403,2644,1
3334,2644,1
2402,2644,1
2400,2644,1
2401,2644,1
2399,2644,1
2397,2644,1
2398,2644,1
3335,2644,1
2396,2644,1
2395,2644,1
2394,2644,1
3328,2644,1
2392,2644,1
2393,2644,1
3324,2644,1
2388,2644,1
2390,2644,1
2391,2644,1
2389,2644,1
2387,2644,1
2386,2644,1
2385,2644,1
2384,2644,1
2383,2644,1
2382,2644,1
2381,2644,1
2412,2644,1
2411,2644,1
2410,2644,1
2409,2644,1
3326,2644,1
2408,2644,1
2768,2645,1
2767,2645,1
2766,2645,1
3327,2645,1
2765,2645,1
3355,2645,1
2839,2647,1
2838,2647,1
2837,2647,1
2836,2647,1
2835,2647,1
2834,2647,1
2833,2647,1
2832,2647,1
2830,2647,1
2831,2647,1
2829,2647,1
2828,2647,1
2827,2647,1
2826,2647,1
2824,2647,1
2825,2647,1
3695,2648,1
3894,2648,1
3693,2648,1
3694,2648,1
3893,2648,1
5973,2648,1
3892,2648,1
3891,2648,1
3692,2648,1
3691,2648,1
3690,2648,1
3689,2648,1
3706,2648,1
3705,2648,1
3704,2648,1
3702,2648,1
3700,2648,1
3698,2648,1
5972,2648,1
3538,2648,1
4286,2648,1
4285,2648,1
3539,2648,1
3910,2648,1
3711,2648,1
3909,2648,1
3712,2648,1
3537,2648,1
3908,2648,1
3536,2648,1
3535,2648,1
3907,2648,1
3534,2648,1
3906,2648,1
3533,2648,1
3708,2648,1
3905,2648,1
3531,2648,1
3532,2648,1
3530,2648,1
3904,2648,1
3529,2648,1
3707,2648,1
3528,2648,1
3527,2648,1
3526,2648,1
7436,2648,1
3524,2648,1
3903,2648,1
3523,2648,1
3902,2648,1
3703,2648,1
3901,2648,1
7434,2648,1
3522,2648,1
3900,2648,1
3899,2648,1
3520,2648,1
3521,2648,1
3701,2648,1
3699,2648,1
3897,2648,1
3898,2648,1
3697,2648,1
3896,2648,1
3895,2648,1
3519,2648,1
3696,2648,1
3518,2648,1
4214,2648,1
4212,2648,1
4211,2648,1
4213,2648,1
4209,2648,1
4206,2648,1
4208,2648,1
4205,2648,1
4207,2648,1
4203,2648,1
4201,2648,1
4200,2648,1
4197,2648,1
4199,2648,1
4196,2648,1
4191,2648,1
4192,2648,1
4193,2648,1
4190,2648,1
3710,2648,1
3709,2648,1
4138,2648,1
5944,2648,1
4139,2648,1
3721,2648,1
3922,2648,1
4304,2648,1
3720,2648,1
4303,2648,1
5943,2648,1
4137,2648,1
3719,2648,1
4136,2648,1
3921,2648,1
3718,2648,1
4216,2648,1
4302,2648,1
3717,2648,1
4215,2648,1
3716,2648,1
3920,2648,1
3919,2648,1
3918,2648,1
4301,2648,1
4300,2648,1
4295,2648,1
4299,2648,1
4210,2648,1
4298,2648,1
3916,2648,1
4297,2648,1
3917,2648,1
4296,2648,1
3545,2648,1
4204,2648,1
3715,2648,1
4294,2648,1
3915,2648,1
3544,2648,1
3543,2648,1
3914,2648,1
4293,2648,1
4202,2648,1
3913,2648,1
4291,2648,1
3912,2648,1
4198,2648,1
4290,2648,1
3542,2648,1
4292,2648,1
4289,2648,1
3714,2648,1
3541,2648,1
4288,2648,1
4287,2648,1
4195,2648,1
3540,2648,1
3911,2648,1
4194,2648,1
3713,2648,1
4156,2648,1
4219,2648,1
4144,2648,1
4218,2648,1
4140,2648,1
5958,2648,1
4141,2648,1
4135,2648,1
5959,2648,1
4217,2648,1
3738,2648,1
4157,2648,1
3963,2648,1
4251,2648,1
3962,2648,1
7430,2648,1
3737,2648,1
3961,2648,1
4250,2648,1
3735,2648,1
3960,2648,1
3736,2648,1
4155,2648,1
4154,2648,1
3734,2648,1
3959,2648,1
4153,2648,1
4249,2648,1
4248,2648,1
4152,2648,1
3733,2648,1
3732,2648,1
3934,2648,1
3958,2648,1
3957,2648,1
3731,2648,1
4151,2648,1
4150,2648,1
3730,2648,1
3933,2648,1
3729,2648,1
3932,2648,1
3728,2648,1
4149,2648,1
4148,2648,1
3931,2648,1
7426,2648,1
4308,2648,1
3930,2648,1
7428,2648,1
4147,2648,1
4145,2648,1
4146,2648,1
4306,2648,1
4307,2648,1
3727,2648,1
4305,2648,1
4143,2648,1
3955,2648,1
3927,2648,1
3928,2648,1
3929,2648,1
3725,2648,1
3726,2648,1
3926,2648,1
3724,2648,1
3925,2648,1
4142,2648,1
3723,2648,1
3924,2648,1
3722,2648,1
3923,2648,1
7422,2648,1
4162,2648,1
4159,2648,1
3985,2648,1
4283,2648,1
3986,2648,1
3984,2648,1
4281,2648,1
3983,2648,1
4280,2648,1
4279,2648,1
4166,2648,1
3981,2648,1
3982,2648,1
4278,2648,1
4277,2648,1
3980,2648,1
4276,2648,1
3979,2648,1
4273,2648,1
4274,2648,1
4275,2648,1
4270,2648,1
3978,2648,1
4272,2648,1
4271,2648,1
3977,2648,1
4269,2648,1
3976,2648,1
3975,2648,1
4268,2648,1
4165,2648,1
4267,2648,1
3974,2648,1
4263,2648,1
4266,2648,1
4265,2648,1
4164,2648,1
3973,2648,1
4262,2648,1
4264,2648,1
4261,2648,1
3972,2648,1
4163,2648,1
4260,2648,1
3971,2648,1
4258,2648,1
3970,2648,1
3969,2648,1
4259,2648,1
4161,2648,1
4256,2648,1
3968,2648,1
4257,2648,1
4160,2648,1
7432,2648,1
4255,2648,1
4254,2648,1
3966,2648,1
4253,2648,1
3964,2648,1
3965,2648,1
4252,2648,1
3739,2648,1
4158,2648,1
3988,2648,1
3987,2648,1
4284,2648,1
4282,2648,1
3651,2649,1
3644,2649,1
3640,2649,1
3633,2649,1
3632,2649,1
3629,2649,1
3628,2649,1
3627,2649,1
3741,2649,1
3743,2649,1
3742,2649,1
3401,2649,1
5937,2649,1
3740,2649,1
3400,2649,1
3398,2649,1
3397,2649,1
3395,2649,1
3399,2649,1
3660,2649,1
5936,2649,1
3661,2649,1
3396,2649,1
3394,2649,1
3658,2649,1
3392,2649,1
3391,2649,1
3390,2649,1
3654,2649,1
3657,2649,1
3655,2649,1
3653,2649,1
3652,2649,1
3393,2649,1
3389,2649,1
3388,2649,1
3387,2649,1
3649,2649,1
3650,2649,1
3648,2649,1
3647,2649,1
3645,2649,1
3386,2649,1
3646,2649,1
3385,2649,1
3384,2649,1
3643,2649,1
3383,2649,1
3382,2649,1
3641,2649,1
3642,2649,1
3638,2649,1
3381,2649,1
3639,2649,1
3380,2649,1
3634,2649,1
3635,2649,1
3636,2649,1
3637,2649,1
3631,2649,1
3630,2649,1
3659,2649,1
3656,2649,1
3419,2649,1
3418,2649,1
3417,2649,1
3774,2649,1
3773,2649,1
3769,2649,1
3772,2649,1
3415,2649,1
3770,2649,1
3771,2649,1
3768,2649,1
3416,2649,1
3412,2649,1
3767,2649,1
3766,2649,1
3414,2649,1
3413,2649,1
3765,2649,1
3764,2649,1
3761,2649,1
3763,2649,1
3411,2649,1
3762,2649,1
3760,2649,1
3759,2649,1
3758,2649,1
3410,2649,1
3408,2649,1
3757,2649,1
3756,2649,1
3409,2649,1
3753,2649,1
3751,2649,1
3754,2649,1
3407,2649,1
3749,2649,1
3755,2649,1
3752,2649,1
3750,2649,1
3748,2649,1
3747,2649,1
3406,2649,1
3403,2649,1
3402,2649,1
3404,2649,1
3405,2649,1
3746,2649,1
3745,2649,1
3744,2649,1
3420,2649,1
4221,2650,1
4220,2650,1
3817,2650,1
3816,2650,1
4100,2650,1
4099,2650,1
3360,2650,1
4236,2650,1
4097,2650,1
4235,2650,1
4098,2650,1
3815,2650,1
4096,2650,1
4094,2650,1
5976,2650,1
4232,2650,1
4234,2650,1
3812,2650,1
3814,2650,1
4233,2650,1
3813,2650,1
4231,2650,1
3359,2650,1
4230,2650,1
4093,2650,1
4095,2650,1
4092,2650,1
3811,2650,1
4090,2650,1
3810,2650,1
4091,2650,1
4229,2650,1
3809,2650,1
4089,2650,1
4228,2650,1
3808,2650,1
4227,2650,1
4088,2650,1
4226,2650,1
3806,2650,1
4087,2650,1
4225,2650,1
3807,2650,1
3804,2650,1
4086,2650,1
4085,2650,1
3805,2650,1
4084,2650,1
4223,2650,1
4222,2650,1
4224,2650,1
3803,2650,1
3826,2650,1
3370,2650,1
4058,2650,1
4057,2650,1
4055,2650,1
3369,2650,1
4056,2650,1
4054,2650,1
3368,2650,1
3828,2650,1
3367,2650,1
4111,2650,1
3366,2650,1
4053,2650,1
3827,2650,1
4052,2650,1
4051,2650,1
4050,2650,1
4110,2650,1
4047,2650,1
4048,2650,1
3365,2650,1
3364,2650,1
4109,2650,1
4049,2650,1
4247,2650,1
3825,2650,1
4246,2650,1
4108,2650,1
3361,2650,1
4245,2650,1
3363,2650,1
5941,2650,1
5942,2650,1
4244,2650,1
3824,2650,1
3362,2650,1
4107,2650,1
4106,2650,1
3823,2650,1
4243,2650,1
3822,2650,1
4242,2650,1
4241,2650,1
4105,2650,1
3820,2650,1
4104,2650,1
4103,2650,1
5975,2650,1
3821,2650,1
3818,2650,1
4239,2650,1
3819,2650,1
4101,2650,1
4237,2650,1
4240,2650,1
4238,2650,1
4102,2650,1
10284,2650,1
10283,2650,1
7016,2650,1
7014,2650,1
7018,2650,1
3831,2650,1
4078,2650,1
7020,2650,1
4077,2650,1
3832,2650,1
4076,2650,1
3830,2650,1
4075,2650,1
4074,2650,1
3377,2650,1
4073,2650,1
3376,2650,1
4072,2650,1
3379,2650,1
4071,2650,1
3375,2650,1
4070,2650,1
4068,2650,1
4069,2650,1
4067,2650,1
3378,2650,1
4066,2650,1
4065,2650,1
4064,2650,1
4063,2650,1
4059,2650,1
3371,2650,1
3829,2650,1
4062,2650,1
3372,2650,1
4060,2650,1
4061,2650,1
3374,2650,1
3373,2650,1
7022,2650,1
6894,2650,1
10282,2650,1
3566,2651,1
3563,2651,1
3565,2651,1
3564,2651,1
3561,2651,1
3560,2651,1
3559,2651,1
3558,2651,1
3557,2651,1
3556,2651,1
3555,2651,1
3554,2651,1
3553,2651,1
3552,2651,1
3551,2651,1
3550,2651,1
3549,2651,1
3548,2651,1
3547,2651,1
3546,2651,1
3569,2651,1
3562,2651,1
5931,2651,1
3588,2651,1
3587,2651,1
3586,2651,1
3585,2651,1
3584,2651,1
3582,2651,1
3581,2651,1
3579,2651,1
3575,2651,1
3577,2651,1
3573,2651,1
3572,2651,1
3571,2651,1
3567,2651,1
3568,2651,1
3583,2651,1
3580,2651,1
3578,2651,1
3576,2651,1
3574,2651,1
3570,2651,1
3680,2652,1
3433,2652,1
3992,2652,1
3432,2652,1
3993,2652,1
5928,2652,1
3430,2652,1
3679,2652,1
3676,2652,1
3678,2652,1
3431,2652,1
3429,2652,1
3428,2652,1
3677,2652,1
5982,2652,1
3427,2652,1
5940,2652,1
3675,2652,1
5979,2652,1
3991,2652,1
3674,2652,1
3673,2652,1
5929,2652,1
3672,2652,1
3990,2652,1
3426,2652,1
3671,2652,1
3669,2652,1
3425,2652,1
5981,2652,1
3989,2652,1
3670,2652,1
3666,2652,1
3667,2652,1
3668,2652,1
3665,2652,1
3424,2652,1
5980,2652,1
3664,2652,1
3423,2652,1
3422,2652,1
3663,2652,1
3662,2652,1
3421,2652,1
5926,2652,1
4018,2652,1
4017,2652,1
3445,2652,1
3688,2652,1
4014,2652,1
3482,2652,1
3687,2652,1
4016,2652,1
4013,2652,1
4012,2652,1
4011,2652,1
3444,2652,1
4010,2652,1
4009,2652,1
3443,2652,1
4008,2652,1
3442,2652,1
3686,2652,1
4007,2652,1
4005,2652,1
3441,2652,1
4006,2652,1
3685,2652,1
4004,2652,1
3684,2652,1
4003,2652,1
3440,2652,1
4002,2652,1
3439,2652,1
4000,2652,1
4001,2652,1
3438,2652,1
3436,2652,1
3683,2652,1
5978,2652,1
3682,2652,1
3999,2652,1
3434,2652,1
3435,2652,1
3437,2652,1
3998,2652,1
3997,2652,1
3681,2652,1
3996,2652,1
3994,2652,1
3995,2652,1
4019,2652,1
4015,2652,1
3489,2652,1
3485,2652,1
3512,2652,1
3513,2652,1
3511,2652,1
3510,2652,1
3509,2652,1
3507,2652,1
3508,2652,1
3505,2652,1
3506,2652,1
3504,2652,1
3503,2652,1
3501,2652,1
3502,2652,1
3498,2652,1
3499,2652,1
3500,2652,1
3497,2652,1
5930,2652,1
3495,2652,1
3492,2652,1
3496,2652,1
3494,2652,1
3491,2652,1
3493,2652,1
3490,2652,1
3487,2652,1
3488,2652,1
3486,2652,1
3484,2652,1
5925,2652,1
5927,2652,1
4020,2652,1
3447,2652,1
3483,2652,1
4021,2652,1
3446,2652,1
3517,2652,1
7222,2652,1
3515,2652,1
3516,2652,1
3514,2652,1
4113,2653,1
4115,2653,1
4112,2653,1
4023,2653,1
4022,2653,1
4123,2653,1
4117,2653,1
4116,2653,1
4114,2653,1
3947,2653,1
3945,2653,1
3943,2653,1
4134,2653,1
4133,2653,1
4132,2653,1
3935,2653,1
4130,2653,1
4131,2653,1
4129,2653,1
4128,2653,1
4126,2653,1
4127,2653,1
4125,2653,1
4124,2653,1
4121,2653,1
4122,2653,1
4120,2653,1
4119,2653,1
4118,2653,1
4174,2653,1
4173,2653,1
4177,2653,1
4171,2653,1
4172,2653,1
4170,2653,1
4169,2653,1
3950,2653,1
4168,2653,1
4167,2653,1
4046,2653,1
3949,2653,1
3948,2653,1
3946,2653,1
4045,2653,1
3944,2653,1
4041,2653,1
4043,2653,1
4042,2653,1
4044,2653,1
4040,2653,1
3942,2653,1
3941,2653,1
3940,2653,1
4039,2653,1
4037,2653,1
4038,2653,1
4035,2653,1
3939,2653,1
4036,2653,1
4033,2653,1
4034,2653,1
4032,2653,1
4031,2653,1
4030,2653,1
3937,2653,1
4029,2653,1
3938,2653,1
4028,2653,1
4026,2653,1
4027,2653,1
4025,2653,1
3936,2653,1
4024,2653,1
3954,2653,1
3952,2653,1
4189,2653,1
5954,2653,1
4188,2653,1
4187,2653,1
4186,2653,1
4183,2653,1
4182,2653,1
4185,2653,1
4184,2653,1
3953,2653,1
4181,2653,1
4178,2653,1
4180,2653,1
4179,2653,1
4175,2653,1
4176,2653,1
3951,2653,1
3789,2654,1
3787,2654,1
3788,2654,1
3785,2654,1
3786,2654,1
3783,2654,1
3782,2654,1
3780,2654,1
3779,2654,1
3777,2654,1
3776,2654,1
3778,2654,1
3775,2654,1
3457,2654,1
3456,2654,1
3453,2654,1
3452,2654,1
3450,2654,1
3449,2654,1
3448,2654,1
3784,2654,1
3781,2654,1
3480,2654,1
3479,2654,1
3478,2654,1
3474,2654,1
3477,2654,1
3475,2654,1
3473,2654,1
3472,2654,1
3471,2654,1
3469,2654,1
3470,2654,1
3467,2654,1
3468,2654,1
3465,2654,1
3464,2654,1
3462,2654,1
3461,2654,1
3459,2654,1
3458,2654,1
3606,2654,1
3605,2654,1
3604,2654,1
3602,2654,1
3600,2654,1
3601,2654,1
3598,2654,1
3595,2654,1
3597,2654,1
3594,2654,1
3596,2654,1
3593,2654,1
3476,2654,1
3592,2654,1
3591,2654,1
3590,2654,1
3466,2654,1
3589,2654,1
3463,2654,1
3802,2654,1
3801,2654,1
3460,2654,1
3799,2654,1
3800,2654,1
3798,2654,1
5938,2654,1
3454,2654,1
3455,2654,1
3797,2654,1
3796,2654,1
3451,2654,1
3794,2654,1
3795,2654,1
3793,2654,1
3792,2654,1
3791,2654,1
3790,2654,1
5969,2654,1
3622,2654,1
3621,2654,1
3615,2654,1
3613,2654,1
3612,2654,1
3608,2654,1
3609,2654,1
3603,2654,1
3599,2654,1
3481,2654,1
3881,2654,1
3882,2654,1
3880,2654,1
3879,2654,1
3878,2654,1
3877,2654,1
3876,2654,1
3875,2654,1
3873,2654,1
3874,2654,1
3872,2654,1
3868,2654,1
7420,2654,1
7418,2654,1
3866,2654,1
3867,2654,1
3865,2654,1
3626,2654,1
3625,2654,1
3624,2654,1
3623,2654,1
3620,2654,1
3619,2654,1
3618,2654,1
3616,2654,1
3617,2654,1
3614,2654,1
3611,2654,1
3607,2654,1
3610,2654,1
3869,2654,1
3870,2654,1
3864,2654,1
5935,2654,1
5934,2654,1
3890,2654,1
3889,2654,1
3888,2654,1
3887,2654,1
3885,2654,1
3886,2654,1
3884,2654,1
3883,2654,1
4319,2655,1
4318,2655,1
4320,2655,1
4317,2655,1
4315,2655,1
4316,2655,1
4314,2655,1
4313,2655,1
4312,2655,1
4310,2655,1
4311,2655,1
4309,2655,1
4328,2655,1
4329,2655,1
10101,2655,1
6902,2655,1
10102,2655,1
4327,2655,1
4326,2655,1
7056,2655,1
7054,2655,1
4325,2655,1
4323,2655,1
4321,2655,1
2751,2656,1
2750,2656,1
2749,2656,1
2747,2656,1
2748,2656,1
2746,2656,1
6823,2657,1
4594,2658,1
4590,2658,1
4586,2658,1
4585,2658,1
4583,2658,1
4597,2658,1
4596,2658,1
4591,2658,1
4595,2658,1
4589,2658,1
4593,2658,1
4592,2658,1
4588,2658,1
4587,2658,1
4584,2658,1
4582,2658,1
4581,2658,1
4539,2659,1
4537,2659,1
4530,2659,1
4531,2659,1
4529,2659,1
4525,2659,1
4523,2659,1
4524,2659,1
4514,2659,1
4511,2659,1
4510,2659,1
4509,2659,1
4508,2659,1
4538,2659,1
4536,2659,1
4535,2659,1
4534,2659,1
4532,2659,1
4533,2659,1
4527,2659,1
4528,2659,1
4526,2659,1
4522,2659,1
4521,2659,1
4520,2659,1
4519,2659,1
4518,2659,1
4516,2659,1
4517,2659,1
4515,2659,1
4513,2659,1
4512,2659,1
6820,2660,1
6819,2660,1
6813,2661,1
6812,2662,1
6814,2663,1
6818,2664,1
6817,2664,1
6835,2665,1
6815,2666,1
6831,2667,1
6816,2668,1
5436,2669,1
5451,2669,1
5434,2669,1
5435,2669,1
5496,2669,1
5495,2669,1
5433,2669,1
5494,2669,1
5492,2669,1
5493,2669,1
5491,2669,1
5490,2669,1
5489,2669,1
5488,2669,1
5487,2669,1
5484,2669,1
5486,2669,1
5485,2669,1
5483,2669,1
5518,2669,1
5517,2669,1
5515,2669,1
5514,2669,1
5516,2669,1
7292,2669,1
10135,2669,1
5462,2669,1
7294,2669,1
5461,2669,1
5513,2669,1
5512,2669,1
5459,2669,1
5511,2669,1
5970,2669,1
10136,2669,1
5458,2669,1
5449,2669,1
5508,2669,1
7296,2669,1
5507,2669,1
5450,2669,1
5457,2669,1
7442,2669,1
5506,2669,1
7300,2669,1
5455,2669,1
5505,2669,1
7302,2669,1
10013,2669,1
5504,2669,1
5503,2669,1
5971,2669,1
5501,2669,1
10012,2669,1
5454,2669,1
5502,2669,1
5500,2669,1
5447,2669,1
5499,2669,1
5498,2669,1
5509,2669,1
5453,2669,1
5497,2669,1
5445,2669,1
5443,2669,1
5442,2669,1
5446,2669,1
5441,2669,1
5444,2669,1
6910,2669,1
5438,2669,1
5439,2669,1
5440,2669,1
5452,2669,1
5437,2669,1
5523,2669,1
5522,2669,1
5521,2669,1
5520,2669,1
5519,2669,1
5482,2670,1
5481,2670,1
5479,2670,1
5480,2670,1
5478,2670,1
5477,2670,1
5476,2670,1
5474,2670,1
5475,2670,1
5472,2670,1
5473,2670,1
5469,2670,1
5470,2670,1
5471,2670,1
5467,2670,1
5468,2670,1
5466,2670,1
5464,2670,1
5417,2670,1
5416,2670,1
5465,2670,1
5426,2670,1
5425,2670,1
5427,2670,1
5424,2670,1
5423,2670,1
5421,2670,1
5422,2670,1
5420,2670,1
5419,2670,1
5418,2670,1
5431,2670,1
5432,2670,1
5429,2670,1
5430,2670,1
5428,2670,1
6084,2671,1
6082,2671,1
6081,2671,1
6083,2671,1
6080,2671,1
6781,2671,1
10024,2671,1
6079,2671,1
6780,2671,1
6077,2671,1
6076,2671,1
10025,2671,1
6075,2671,1
6074,2671,1
6072,2671,1
6070,2671,1
6068,2671,1
6067,2671,1
6065,2671,1
6063,2671,1
6062,2671,1
6061,2671,1
7204,2671,1
6882,2671,1
6071,2671,1
6069,2671,1
7350,2671,1
7352,2671,1
3170,2672,1
3174,2672,1
3173,2672,1
3171,2672,1
3172,2672,1
3169,2672,1
3168,2672,1
2895,2673,1
2854,2673,1
2887,2673,1
2891,2673,1
2892,2673,1
2890,2673,1
2853,2673,1
2893,2673,1
2894,2673,1
2889,2673,1
2886,2673,1
2888,2673,1
2852,2673,1
2885,2673,1
2883,2673,1
2884,2673,1
2882,2673,1
2880,2673,1
2851,2673,1
2881,2673,1
2879,2673,1
2878,2673,1
2877,2673,1
2849,2673,1
2848,2673,1
2850,2673,1
2847,2673,1
2846,2673,1
2916,2673,1
2917,2673,1
2915,2673,1
5524,2673,1
2914,2673,1
2913,2673,1
2912,2673,1
2910,2673,1
2911,2673,1
2907,2673,1
2909,2673,1
2855,2673,1
2906,2673,1
2908,2673,1
2903,2673,1
10010,2673,1
7258,2673,1
2905,2673,1
10207,2673,1
10011,2673,1
10009,2673,1
10008,2673,1
7160,2673,1
10206,2673,1
7170,2673,1
10007,2673,1
2899,2673,1
10208,2673,1
2898,2673,1
2896,2673,1
6829,2674,1
3181,2675,1
3180,2675,1
3179,2675,1
3178,2675,1
3177,2675,1
3176,2675,1
3175,2675,1
3319,2675,1
3189,2675,1
3190,2675,1
3188,2675,1
3187,2675,1
3186,2675,1
3182,2675,1
3183,2675,1
3185,2675,1
3184,2675,1
5551,2676,1
5549,2676,1
5550,2676,1
5548,2676,1
5545,2676,1
5546,2676,1
5547,2676,1
5544,2676,1
5543,2676,1
5541,2676,1
5540,2676,1
5539,2676,1
5538,2676,1
5536,2676,1
5537,2676,1
5535,2676,1
5542,2676,1
5534,2676,1
3020,2677,1
3018,2677,1
3019,2677,1
3016,2677,1
3017,2677,1
3015,2677,1
3013,2677,1
3014,2677,1
3012,2677,1
3011,2677,1
7238,2677,1
5529,2677,1
5528,2677,1
5527,2677,1
5526,2677,1
5525,2677,1
6641,2677,1
6639,2677,1
6640,2677,1
3023,2677,1
5589,2677,1
5588,2677,1
6637,2677,1
6638,2677,1
6636,2677,1
6635,2677,1
5587,2677,1
7240,2677,1
5532,2677,1
5531,2677,1
6900,2677,1
5586,2677,1
5585,2677,1
3021,2677,1
3022,2677,1
6787,2678,1
5571,2678,1
5570,2678,1
5569,2678,1
5568,2678,1
5567,2678,1
5566,2678,1
5563,2678,1
5565,2678,1
5564,2678,1
5562,2678,1
5561,2678,1
6928,2678,1
10365,2678,1
10364,2678,1
10363,2678,1
10374,2678,1
10373,2678,1
10368,2678,1
5559,2678,1
5558,2678,1
5557,2678,1
5575,2678,1
5556,2678,1
5554,2678,1
5555,2678,1
5552,2678,1
5553,2678,1
6930,2678,1
6924,2678,1
5583,2678,1
5582,2678,1
10360,2678,1
10361,2678,1
10366,2678,1
10367,2678,1
10362,2678,1
10371,2678,1
10369,2678,1
10370,2678,1
10372,2678,1
6926,2678,1
5580,2678,1
5579,2678,1
5578,2678,1
5577,2678,1
5576,2678,1
5574,2678,1
5572,2678,1
5573,2678,1
6838,2679,1
3343,2680,1
2552,2680,1
3342,2680,1
2547,2680,1
2550,2680,1
2543,2680,1
2542,2680,1
2541,2680,1
2538,2680,1
2536,2680,1
2534,2680,1
2533,2680,1
2551,2680,1
2549,2680,1
2548,2680,1
2546,2680,1
2545,2680,1
2544,2680,1
2540,2680,1
2539,2680,1
2537,2680,1
2535,2680,1
6786,2681,1
6185,2681,1
6785,2681,1
6184,2681,1
6181,2681,1
6183,2681,1
6182,2681,1
6180,2681,1
6176,2681,1
6177,2681,1
6178,2681,1
6179,2681,1
7380,2681,1
6174,2681,1
6173,2681,1
7378,2681,1
6172,2681,1
6171,2681,1
6170,2681,1
6168,2681,1
6167,2681,1
6165,2681,1
6203,2681,1
6202,2681,1
7318,2681,1
7516,2681,1
6198,2681,1
6199,2681,1
7514,2681,1
6197,2681,1
6195,2681,1
6196,2681,1
6194,2681,1
6193,2681,1
6192,2681,1
6191,2681,1
6190,2681,1
6189,2681,1
6169,2681,1
6187,2681,1
6166,2681,1
6188,2681,1
6186,2681,1
6231,2682,1
6588,2682,1
6568,2682,1
6229,2682,1
6564,2682,1
5047,2682,1
5064,2682,1
6587,2682,1
6563,2682,1
6586,2682,1
5048,2682,1
5063,2682,1
5062,2682,1
6562,2682,1
6585,2682,1
6584,2682,1
5061,2682,1
5060,2682,1
5951,2682,1
5950,2682,1
10028,2682,1
10026,2682,1
6252,2682,1
6583,2682,1
6249,2682,1
6582,2682,1
10027,2682,1
6591,2682,1
6250,2682,1
6592,2682,1
6248,2682,1
6246,2682,1
6247,2682,1
6245,2682,1
6581,2682,1
6992,2682,1
6244,2682,1
6580,2682,1
6242,2682,1
7326,2682,1
6590,2682,1
6577,2682,1
6241,2682,1
6578,2682,1
7324,2682,1
10294,2682,1
6239,2682,1
6576,2682,1
10295,2682,1
6238,2682,1
7322,2682,1
6573,2682,1
6236,2682,1
6235,2682,1
6575,2682,1
6574,2682,1
6990,2682,1
6234,2682,1
6777,2682,1
6232,2682,1
6778,2682,1
6566,2682,1
6233,2682,1
7382,2682,1
6571,2682,1
6570,2682,1
6565,2682,1
6569,2682,1
6230,2682,1
6567,2682,1
7384,2682,1
6821,2683,1
6837,2684,1
7695,2685,1
7684,2686,1
6825,2687,1
7693,2688,1
7685,2689,1
7692,2690,1
7682,2691,1
7683,2692,1
7690,2693,1
7681,2694,1
7691,2695,1
7680,2696,1
4440,2697,1
4439,2697,1
4438,2697,1
4455,2697,1
4454,2697,1
4453,2697,1
4452,2697,1
4450,2697,1
4451,2697,1
4449,2697,1
4447,2697,1
4448,2697,1
4446,2697,1
4445,2697,1
4444,2697,1
4443,2697,1
4442,2697,1
4441,2697,1
6826,2698,1
3199,2699,1
3200,2699,1
3198,2699,1
3195,2699,1
3192,2699,1
3202,2699,1
3201,2699,1
3194,2699,1
3197,2699,1
3196,2699,1
3193,2699,1
3191,2699,1
2415,2700,1
2414,2700,1
2417,2700,1
2416,2700,1
2413,2700,1
2231,2701,1
2232,2701,1
2230,2701,1
2229,2701,1
2227,2701,1
2228,2701,1
2224,2701,1
2226,2701,1
2221,2701,1
2223,2701,1
3323,2701,1
2225,2701,1
2222,2701,1
2220,2701,1
2218,2701,1
2219,2701,1
2217,2701,1
2216,2701,1
2215,2701,1
2214,2701,1
2250,2701,1
2248,2701,1
2249,2701,1
2246,2701,1
2247,2701,1
2245,2701,1
2244,2701,1
2242,2701,1
2243,2701,1
2241,2701,1
2240,2701,1
2239,2701,1
2238,2701,1
2237,2701,1
2236,2701,1
2235,2701,1
2234,2701,1
2233,2701,1
3024,2702,1
3058,2702,1
3055,2702,1
3060,2702,1
3059,2702,1
3057,2702,1
3030,2702,1
3056,2702,1
3028,2702,1
3027,2702,1
3029,2702,1
3026,2702,1
3025,2702,1
2258,2703,1
2257,2703,1
2256,2703,1
2255,2703,1
2254,2703,1
2253,2703,1
2252,2703,1
2251,2703,1
2276,2703,1
2272,2703,1
2274,2703,1
2271,2703,1
2273,2703,1
2270,2703,1
2267,2703,1
3321,2703,1
2269,2703,1
2268,2703,1
2265,2703,1
2266,2703,1
2264,2703,1
2263,2703,1
7246,2703,1
2262,2703,1
2260,2703,1
7242,2703,1
6912,2703,1
2278,2703,1
2277,2703,1
2275,2703,1
6653,2704,1
6689,2704,1
7370,2704,1
7372,2704,1
6685,2704,1
6684,2704,1
6683,2704,1
6682,2704,1
6680,2704,1
6681,2704,1
6677,2704,1
6675,2704,1
6674,2704,1
6671,2704,1
6672,2704,1
6670,2704,1
6655,2704,1
6654,2704,1
6652,2704,1
6651,2704,1
6650,2704,1
6649,2704,1
6648,2704,1
6645,2704,1
6644,2704,1
6647,2704,1
6642,2704,1
6646,2704,1
6643,2704,1
6692,2704,1
6690,2704,1
6691,2704,1
6693,2704,1
6688,2704,1
6686,2704,1
6679,2704,1
6678,2704,1
6676,2704,1
6673,2704,1
6712,2705,1
6668,2705,1
6664,2705,1
6711,2705,1
6667,2705,1
6665,2705,1
6663,2705,1
6666,2705,1
6662,2705,1
6710,2705,1
6966,2705,1
6968,2705,1
6709,2705,1
6708,2705,1
6660,2705,1
6659,2705,1
6658,2705,1
6657,2705,1
6656,2705,1
6707,2705,1
6705,2705,1
6706,2705,1
6704,2705,1
6703,2705,1
6702,2705,1
6696,2705,1
6701,2705,1
6700,2705,1
6697,2705,1
6698,2705,1
6699,2705,1
6695,2705,1
6694,2705,1
6669,2705,1
6110,2706,1
6109,2706,1
6107,2706,1
6106,2706,1
6105,2706,1
6104,2706,1
7466,2706,1
6103,2706,1
6108,2706,1
6102,2706,1
7468,2706,1
6100,2706,1
6099,2706,1
7470,2706,1
6098,2706,1
6095,2706,1
6096,2706,1
6094,2706,1
6093,2706,1
6097,2706,1
6092,2706,1
6091,2706,1
6090,2706,1
7472,2706,1
6086,2706,1
6087,2706,1
6088,2706,1
6085,2706,1
6116,2706,1
6115,2706,1
6114,2706,1
6113,2706,1
6112,2706,1
6111,2706,1
3117,2707,1
3116,2707,1
3115,2707,1
3125,2707,1
3123,2707,1
10183,2707,1
10185,2707,1
7190,2707,1
3121,2707,1
10182,2707,1
10186,2707,1
10187,2707,1
10188,2707,1
10189,2707,1
3119,2707,1
7194,2707,1
3118,2707,1
3127,2707,1
3126,2707,1
3128,2707,1
3124,2707,1
6811,2708,1
6810,2709,1
6276,2710,1
6275,2710,1
7102,2710,1
6274,2710,1
6271,2710,1
6270,2710,1
6272,2710,1
10029,2710,1
6269,2710,1
6268,2710,1
7098,2710,1
6266,2710,1
6264,2710,1
6263,2710,1
6262,2710,1
6261,2710,1
7094,2710,1
6260,2710,1
6258,2710,1
6259,2710,1
6257,2710,1
4580,2710,1
7496,2710,1
6255,2710,1
6254,2710,1
7494,2710,1
4578,2710,1
4577,2710,1
6253,2710,1
4576,2710,1
4574,2710,1
7214,2710,1
4573,2710,1
5008,2711,1
5007,2711,1
5006,2711,1
6904,2711,1
10276,2711,1
10278,2711,1
10277,2711,1
7228,2711,1
5003,2711,1
5002,2711,1
5001,2711,1
5000,2711,1
5948,2712,1
5606,2712,1
5605,2712,1
5604,2712,1
5603,2712,1
5602,2712,1
6922,2712,1
7286,2712,1
5641,2712,1
5643,2712,1
5639,2712,1
5640,2712,1
5642,2712,1
5637,2712,1
5636,2712,1
5635,2712,1
5601,2712,1
5647,2712,1
5648,2712,1
5646,2712,1
5645,2712,1
5644,2712,1
5731,2713,1
5729,2713,1
5728,2713,1
5727,2713,1
5726,2713,1
5725,2713,1
5724,2713,1
5753,2713,1
5735,2713,1
5752,2713,1
5751,2713,1
5798,2713,1
5750,2713,1
5749,2713,1
5795,2713,1
5748,2713,1
5747,2713,1
5746,2713,1
5745,2713,1
5730,2713,1
5744,2713,1
5743,2713,1
5741,2713,1
5792,2713,1
5742,2713,1
5790,2713,1
5740,2713,1
5739,2713,1
5723,2713,1
5789,2713,1
5738,2713,1
5704,2713,1
7406,2713,1
5736,2713,1
5737,2713,1
7408,2713,1
5702,2713,1
5955,2713,1
5701,2713,1
5700,2713,1
5699,2713,1
5698,2713,1
5697,2713,1
5797,2713,1
5796,2713,1
5794,2713,1
5793,2713,1
5791,2713,1
5933,2713,1
5734,2713,1
5733,2713,1
5732,2713,1
7024,2714,1
5687,2714,1
5686,2714,1
5684,2714,1
5685,2714,1
5759,2714,1
5776,2714,1
5683,2714,1
5682,2714,1
7026,2714,1
5680,2714,1
5681,2714,1
5757,2714,1
5774,2714,1
5679,2714,1
5775,2714,1
5773,2714,1
5772,2714,1
5770,2714,1
5769,2714,1
5771,2714,1
5756,2714,1
5754,2714,1
5768,2714,1
5755,2714,1
5766,2714,1
5767,2714,1
5765,2714,1
5764,2714,1
5826,2714,1
5788,2714,1
5787,2714,1
5825,2714,1
5824,2714,1
5823,2714,1
5786,2714,1
5822,2714,1
5820,2714,1
5819,2714,1
5821,2714,1
5784,2714,1
5695,2714,1
5783,2714,1
5785,2714,1
5818,2714,1
10023,2714,1
5817,2714,1
5696,2714,1
5816,2714,1
10022,2714,1
5781,2714,1
5815,2714,1
5779,2714,1
5694,2714,1
5780,2714,1
5763,2714,1
5692,2714,1
5778,2714,1
5777,2714,1
5693,2714,1
5762,2714,1
5691,2714,1
5761,2714,1
5760,2714,1
5690,2714,1
5689,2714,1
5688,2714,1
7404,2715,1
5716,2715,1
5717,2715,1
7402,2715,1
5714,2715,1
5715,2715,1
5713,2715,1
5711,2715,1
5710,2715,1
5712,2715,1
5709,2715,1
5708,2715,1
5707,2715,1
5706,2715,1
5705,2715,1
5957,2715,1
5807,2715,1
5804,2715,1
5802,2715,1
5801,2715,1
5799,2715,1
5800,2715,1
5813,2715,1
5814,2715,1
5812,2715,1
5811,2715,1
5810,2715,1
5809,2715,1
5808,2715,1
5806,2715,1
5805,2715,1
5803,2715,1
5721,2715,1
5722,2715,1
5720,2715,1
5718,2715,1
7474,2716,1
6226,2716,1
6224,2716,1
6223,2716,1
6225,2716,1
6222,2716,1
6221,2716,1
6220,2716,1
6218,2716,1
6217,2716,1
6219,2716,1
6216,2716,1
6215,2716,1
6214,2716,1
6213,2716,1
6212,2716,1
6209,2716,1
6211,2716,1
6208,2716,1
7476,2716,1
6207,2716,1
6206,2716,1
6205,2716,1
6782,2716,1
6784,2716,1
6783,2716,1
6204,2716,1
6227,2716,1
3166,2717,1
3167,2717,1
3165,2717,1
3164,2717,1
3163,2717,1
3162,2717,1
3161,2717,1
3160,2717,1
3159,2717,1
3158,2717,1
2494,2718,1
2491,2718,1
2493,2718,1
2492,2718,1
2490,2718,1
2489,2718,1
2488,2718,1
2487,2718,1
2486,2718,1
2483,2718,1
2485,2718,1
2481,2718,1
2484,2718,1
2482,2718,1
2480,2718,1
2479,2718,1
2478,2718,1
2477,2718,1
2476,2718,1
2497,2718,1
2498,2718,1
2496,2718,1
2495,2718,1
5997,2719,1
5996,2719,1
6950,2719,1
6956,2719,1
10352,2719,1
5993,2719,1
10348,2719,1
10350,2719,1
10351,2719,1
10353,2719,1
10349,2719,1
5990,2719,1
5988,2719,1
6954,2719,1
5987,2719,1
5986,2719,1
5985,2719,1
5984,2719,1
5983,2719,1
6009,2719,1
6008,2719,1
10072,2719,1
6006,2719,1
10073,2719,1
6962,2719,1
10071,2719,1
6960,2719,1
6003,2719,1
6004,2719,1
6002,2719,1
6001,2719,1
6000,2719,1
5999,2719,1
5992,2719,1
5998,2719,1
2686,2720,1
2689,2720,1
2688,2720,1
7202,2720,1
6898,2720,1
2685,2720,1
2684,2720,1
2683,2720,1
2681,2720,1
2682,2720,1
6822,2721,1
2307,2722,1
10204,2722,1
7180,2722,1
2308,2722,1
10198,2722,1
7186,2722,1
2303,2722,1
2300,2722,1
2301,2722,1
2302,2722,1
2299,2722,1
2298,2722,1
2297,2722,1
2296,2722,1
2295,2722,1
2294,2722,1
2292,2722,1
2293,2722,1
2291,2722,1
2289,2722,1
2290,2722,1
2288,2722,1
2287,2722,1
2286,2722,1
2283,2722,1
2285,2722,1
2284,2722,1
2281,2722,1
2282,2722,1
2279,2722,1
2280,2722,1
2310,2722,1
2316,2722,1
2315,2722,1
2313,2722,1
2317,2722,1
2314,2722,1
2312,2722,1
10195,2722,1
10193,2722,1
7184,2722,1
7182,2722,1
10194,2722,1
10192,2722,1
10200,2722,1
10201,2722,1
10202,2722,1
10196,2722,1
10197,2722,1
10199,2722,1
10205,2722,1
10203,2722,1
2306,2722,1
3215,2723,1
3207,2723,1
3206,2723,1
3232,2723,1
3230,2723,1
3227,2723,1
3224,2723,1
3223,2723,1
3222,2723,1
3217,2723,1
3216,2723,1
3214,2723,1
3212,2723,1
3213,2723,1
3211,2723,1
3210,2723,1
3209,2723,1
3208,2723,1
3231,2723,1
3228,2723,1
3205,2723,1
3229,2723,1
3204,2723,1
3226,2723,1
3225,2723,1
3203,2723,1
3221,2723,1
3220,2723,1
3219,2723,1
3218,2723,1
2925,2724,1
2924,2724,1
2923,2724,1
2922,2724,1
2921,2724,1
2920,2724,1
2919,2724,1
2918,2724,1
2926,2724,1
2927,2724,1
5897,2725,1
5895,2725,1
5911,2725,1
5910,2725,1
5909,2725,1
5907,2725,1
5906,2725,1
5908,2725,1
5905,2725,1
5904,2725,1
5903,2725,1
5901,2725,1
5896,2725,1
5899,2725,1
5902,2725,1
5900,2725,1
5898,2725,1
5860,2726,1
5856,2726,1
5863,2726,1
5862,2726,1
5861,2726,1
5859,2726,1
5858,2726,1
5857,2726,1
5855,2726,1
5854,2726,1
5865,2726,1
5864,2726,1
6713,2726,1
1558,2726,1
5853,2727,1
5852,2727,1
5851,2727,1
5850,2727,1
5849,2727,1
5848,2727,1
5847,2727,1
5846,2727,1
5845,2727,1
5844,2727,1
5843,2727,1
5924,2727,1
5923,2727,1
5840,2727,1
5921,2727,1
7512,2727,1
5841,2727,1
7510,2727,1
5842,2727,1
5838,2727,1
5920,2727,1
5839,2727,1
5919,2727,1
5918,2727,1
5834,2727,1
5916,2727,1
5917,2727,1
5837,2727,1
5914,2727,1
5913,2727,1
5915,2727,1
5912,2727,1
5832,2727,1
5836,2727,1
5835,2727,1
7216,2727,1
5831,2727,1
7106,2727,1
5829,2727,1
5828,2727,1
5827,2727,1
5891,2728,1
5893,2728,1
5890,2728,1
5888,2728,1
5887,2728,1
5885,2728,1
5883,2728,1
5884,2728,1
5881,2728,1
5894,2728,1
5892,2728,1
5889,2728,1
5886,2728,1
5882,2728,1
5880,2728,1
5879,2728,1
6528,2729,1
6527,2729,1
6526,2729,1
6525,2729,1
6523,2729,1
6524,2729,1
6522,2729,1
6521,2729,1
6520,2729,1
6729,2730,1
6726,2730,1
6724,2730,1
6730,2730,1
6728,2730,1
6727,2730,1
6725,2730,1
6739,2730,1
6740,2730,1
6738,2730,1
6736,2730,1
6737,2730,1
6734,2730,1
6733,2730,1
6735,2730,1
6732,2730,1
6731,2730,1
6757,2731,1
6752,2731,1
6754,2731,1
6755,2731,1
6753,2731,1
6751,2731,1
6750,2731,1
6746,2731,1
6747,2731,1
6748,2731,1
6744,2731,1
6743,2731,1
6742,2731,1
6741,2731,1
6723,2731,1
6722,2731,1
6720,2731,1
6716,2731,1
6715,2731,1
6714,2731,1
6756,2731,1
6749,2731,1
6745,2731,1
6775,2731,1
6774,2731,1
6773,2731,1
6772,2731,1
6771,2731,1
6770,2731,1
6769,2731,1
6768,2731,1
6767,2731,1
6766,2731,1
6765,2731,1
6721,2731,1
6764,2731,1
6719,2731,1
6763,2731,1
6718,2731,1
6717,2731,1
6760,2731,1
6759,2731,1
6758,2731,1
6762,2731,1
6761,2731,1
2335,2732,1
2336,2732,1
2337,2732,1
2334,2732,1
2333,2732,1
2329,2732,1
2332,2732,1
2331,2732,1
2330,2732,1
2328,2732,1
2327,2732,1
2326,2732,1
2325,2732,1
2324,2732,1
2323,2732,1
2322,2732,1
2321,2732,1
2320,2732,1
7196,2732,1
7192,2732,1
10184,2732,1
10190,2732,1
10191,2732,1
2349,2732,1
2348,2732,1
2347,2732,1
2346,2732,1
2345,2732,1
2344,2732,1
2343,2732,1
2342,2732,1
2341,2732,1
3344,2732,1
2339,2732,1
2340,2732,1
2338,2732,1
3236,2733,1
3272,2733,1
3273,2733,1
3291,2733,1
3271,2733,1
3289,2733,1
3290,2733,1
3270,2733,1
3288,2733,1
3287,2733,1
3286,2733,1
3269,2733,1
3268,2733,1
3267,2733,1
3265,2733,1
3285,2733,1
3264,2733,1
3263,2733,1
3261,2733,1
3260,2733,1
3246,2733,1
3258,2733,1
3245,2733,1
3244,2733,1
3243,2733,1
3242,2733,1
3241,2733,1
3240,2733,1
3239,2733,1
3238,2733,1
3313,2733,1
3234,2733,1
3304,2733,1
3310,2733,1
3235,2733,1
3306,2733,1
3233,2733,1
3257,2733,1
3256,2733,1
3255,2733,1
3251,2733,1
3253,2733,1
3252,2733,1
3250,2733,1
3249,2733,1
3279,2733,1
3248,2733,1
3247,2733,1
3317,2733,1
3316,2733,1
3315,2733,1
3314,2733,1
3312,2733,1
3311,2733,1
3309,2733,1
3307,2733,1
3305,2733,1
3308,2733,1
3295,2733,1
3266,2733,1
3262,2733,1
3259,2733,1
3237,2733,1
3302,2733,1
3303,2733,1
3301,2733,1
3300,2733,1
3299,2733,1
3254,2733,1
3298,2733,1
3296,2733,1
3294,2733,1
3297,2733,1
3293,2733,1
3284,2733,1
3282,2733,1
3283,2733,1
3281,2733,1
3292,2733,1
3280,2733,1
3278,2733,1
3277,2733,1
3276,2733,1
3275,2733,1
3274,2733,1
4598,2734,1
4617,2734,1
4615,2734,1
4616,2734,1
4614,2734,1
4613,2734,1
4612,2734,1
4611,2734,1
4609,2734,1
4610,2734,1
4608,2734,1
4605,2734,1
4606,2734,1
4607,2734,1
4604,2734,1
4603,2734,1
4602,2734,1
4601,2734,1
4599,2734,1
4600,2734,1
10146,2735,1
10155,2735,1
10154,2735,1
10161,2735,1
10150,2735,1
10149,2735,1
2063,2735,1
2062,2735,1
10147,2735,1
10148,2735,1
10159,2735,1
10158,2735,1
2057,2735,1
10151,2735,1
2061,2735,1
10165,2735,1
10166,2735,1
2059,2735,1
10162,2735,1
10152,2735,1
2060,2735,1
10160,2735,1
7172,2735,1
2056,2735,1
10163,2735,1
2051,2735,1
2050,2735,1
2047,2735,1
2049,2735,1
2053,2735,1
2048,2735,1
2046,2735,1
2043,2735,1
2042,2735,1
2036,2735,1
2035,2735,1
2033,2735,1
2034,2735,1
2038,2735,1
2031,2735,1
2032,2735,1
2027,2735,1
2028,2735,1
2029,2735,1
2026,2735,1
2024,2735,1
2023,2735,1
2020,2735,1
2021,2735,1
2017,2735,1
2016,2735,1
2014,2735,1
2015,2735,1
2018,2735,1
2012,2735,1
2013,2735,1
2011,2735,1
2039,2735,1
3322,2735,1
2030,2735,1
2025,2735,1
2022,2735,1
2019,2735,1
2080,2735,1
2086,2735,1
2081,2735,1
2076,2735,1
2075,2735,1
2074,2735,1
3345,2735,1
2067,2735,1
3347,2735,1
10141,2735,1
2064,2735,1
10153,2735,1
7254,2735,1
7252,2735,1
10156,2735,1
10157,2735,1
10164,2735,1
2058,2735,1
2054,2735,1
2052,2735,1
2045,2735,1
2044,2735,1
2041,2735,1
2040,2735,1
2037,2735,1
2120,2735,1
2119,2735,1
2115,2735,1
2113,2735,1
3320,2735,1
2110,2735,1
2109,2735,1
2107,2735,1
2104,2735,1
2103,2735,1
2102,2735,1
2097,2735,1
2096,2735,1
2092,2735,1
2091,2735,1
2088,2735,1
2090,2735,1
2089,2735,1
3351,2735,1
2084,2735,1
2083,2735,1
2085,2735,1
2079,2735,1
7244,2735,1
2078,2735,1
2077,2735,1
2073,2735,1
2071,2735,1
2072,2735,1
2069,2735,1
7248,2735,1
7176,2735,1
7174,2735,1
2068,2735,1
2066,2735,1
10140,2735,1
2065,2735,1
10139,2735,1
10145,2735,1
10144,2735,1
10142,2735,1
10143,2735,1
2129,2735,1
2128,2735,1
2127,2735,1
2126,2735,1
2123,2735,1
2124,2735,1
2122,2735,1
2125,2735,1
2121,2735,1
2118,2735,1
2117,2735,1
2116,2735,1
2114,2735,1
2112,2735,1
2111,2735,1
2108,2735,1
2105,2735,1
2106,2735,1
2100,2735,1
2101,2735,1
2098,2735,1
2099,2735,1
2095,2735,1
2093,2735,1
2094,2735,1
2087,2735,1
2010,2735,1
2009,2735,1
2008,2735,1
2007,2735,1
4571,2736,1
4570,2736,1
4569,2736,1
4568,2736,1
4566,2736,1
4564,2736,1
4565,2736,1
4567,2736,1
4562,2736,1
4563,2736,1
4561,2736,1
4559,2736,1
7108,2736,1
4558,2736,1
4557,2736,1
4554,2736,1
4555,2736,1
4553,2736,1
4551,2736,1
4552,2736,1
4550,2736,1
4549,2736,1
4548,2736,1
4546,2736,1
4547,2736,1
4543,2736,1
4545,2736,1
4544,2736,1
4541,2736,1
4540,2736,1
4542,2736,1
4572,2736,1
4556,2736,1
6827,2737,1
4699,2738,1
7232,2738,1
4754,2738,1
4755,2738,1
7148,2738,1
7280,2738,1
7150,2738,1
7282,2738,1
4751,2738,1
4750,2738,1
4767,2738,1
4761,2738,1
10209,2738,1
10211,2738,1
10210,2738,1
7146,2738,1
4766,2738,1
4765,2738,1
4764,2738,1
4763,2738,1
4762,2738,1
4760,2738,1
7438,2738,1
7440,2738,1
4710,2738,1
7234,2738,1
7236,2738,1
4708,2738,1
4758,2738,1
4706,2738,1
4705,2738,1
4707,2738,1
6908,2738,1
4757,2738,1
4704,2738,1
4703,2738,1
4702,2738,1
4700,2738,1
4701,2738,1
4734,2739,1
4727,2739,1
4726,2739,1
4725,2739,1
4723,2739,1
4721,2739,1
2556,2739,1
2555,2739,1
2554,2739,1
2553,2739,1
4742,2739,1
4731,2739,1
4729,2739,1
4745,2739,1
4748,2739,1
4746,2739,1
4744,2739,1
4743,2739,1
4741,2739,1
4740,2739,1
4739,2739,1
4736,2739,1
4738,2739,1
4735,2739,1
7158,2739,1
10118,2739,1
10117,2739,1
10116,2739,1
4733,2739,1
4732,2739,1
4749,2739,1
4747,2739,1
4730,2739,1
4728,2739,1
4724,2739,1
4722,2739,1
6839,2740,1
2722,2741,1
2720,2741,1
2721,2741,1
2719,2741,1
2715,2741,1
2718,2741,1
2717,2741,1
2716,2741,1
2714,2741,1
2713,2741,1
2712,2741,1
2710,2741,1
2711,2741,1
2709,2741,1
2708,2741,1
2707,2741,1
2704,2741,1
2703,2741,1
2702,2741,1
2701,2741,1
2706,2741,1
2705,2741,1
6031,2742,1
6791,2742,1
6030,2742,1
6029,2742,1
6028,2742,1
6027,2742,1
6024,2742,1
6026,2742,1
6025,2742,1
6023,2742,1
6022,2742,1
6020,2742,1
6021,2742,1
6019,2742,1
6016,2742,1
6015,2742,1
6018,2742,1
7464,2742,1
6014,2742,1
7462,2742,1
6011,2742,1
6010,2742,1
6012,2742,1
6060,2742,1
6059,2742,1
6058,2742,1
6057,2742,1
6055,2742,1
6056,2742,1
6054,2742,1
6052,2742,1
6053,2742,1
6051,2742,1
10261,2742,1
6048,2742,1
6944,2742,1
6047,2742,1
6045,2742,1
6936,2742,1
10262,2742,1
6938,2742,1
10263,2742,1
6043,2742,1
6942,2742,1
10258,2742,1
10260,2742,1
6920,2742,1
6040,2742,1
6041,2742,1
6932,2742,1
10259,2742,1
6940,2742,1
6037,2742,1
6038,2742,1
7460,2742,1
6035,2742,1
6036,2742,1
6789,2742,1
6033,2742,1
6034,2742,1
6032,2742,1
3336,2743,1
3337,2743,1
2845,2743,1
2842,2743,1
2844,2743,1
2843,2743,1
2841,2743,1
2840,2743,1
2164,2744,1
2160,2744,1
2154,2744,1
2157,2744,1
2153,2744,1
2151,2744,1
2150,2744,1
2138,2744,1
2168,2744,1
2169,2744,1
2167,2744,1
2166,2744,1
2165,2744,1
2162,2744,1
2163,2744,1
2161,2744,1
2159,2744,1
2158,2744,1
2156,2744,1
2155,2744,1
2152,2744,1
2149,2744,1
2146,2744,1
2148,2744,1
2145,2744,1
7480,2744,1
2144,2744,1
7478,2744,1
2143,2744,1
2142,2744,1
2140,2744,1
2141,2744,1
2137,2744,1
2139,2744,1
2136,2744,1
2134,2744,1
2132,2744,1
2133,2744,1
2135,2744,1
3318,2744,1
2130,2744,1
2131,2744,1
2170,2744,1
6419,2745,1
6417,2745,1
10053,2745,1
6416,2745,1
6414,2745,1
6415,2745,1
6467,2745,1
6466,2745,1
6465,2745,1
6427,2745,1
6464,2745,1
10052,2745,1
6462,2745,1
6461,2745,1
6460,2745,1
6426,2745,1
6424,2745,1
6425,2745,1
6459,2745,1
6423,2745,1
6422,2745,1
6421,2745,1
6420,2745,1
6418,2745,1
6492,2746,1
6489,2746,1
6487,2746,1
6485,2746,1
6484,2746,1
6483,2746,1
6507,2746,1
6506,2746,1
6986,2746,1
6504,2746,1
6503,2746,1
6502,2746,1
6493,2746,1
6491,2746,1
6490,2746,1
6488,2746,1
6486,2746,1
6500,2746,1
6499,2746,1
6482,2746,1
6498,2746,1
6496,2746,1
6519,2746,1
6984,2746,1
6518,2746,1
6517,2746,1
6516,2746,1
7374,2746,1
6513,2746,1
6511,2746,1
6510,2746,1
6501,2746,1
6509,2746,1
6497,2746,1
6508,2746,1
6495,2746,1
6494,2746,1
6512,2746,1
6515,2746,1
6514,2746,1
2865,2747,1
2864,2747,1
2862,2747,1
2863,2747,1
2861,2747,1
2860,2747,1
2859,2747,1
2858,2747,1
2857,2747,1
2856,2747,1
5040,2748,1
5039,2748,1
6561,2748,1
6560,2748,1
6559,2748,1
6558,2748,1
6557,2748,1
6556,2748,1
6555,2748,1
6886,2748,1
7212,2748,1
5046,2748,1
5045,2748,1
5043,2748,1
5042,2748,1
5041,2748,1
4956,2749,1
10104,2749,1
4955,2749,1
4954,2749,1
7064,2749,1
4898,2749,1
10103,2749,1
4896,2749,1
4839,2749,1
4950,2749,1
4838,2749,1
4951,2749,1
4880,2749,1
4878,2749,1
4837,2749,1
4877,2749,1
4879,2749,1
4948,2749,1
4949,2749,1
4835,2749,1
4836,2749,1
4946,2749,1
4916,2749,1
4945,2749,1
4947,2749,1
4876,2749,1
4875,2749,1
4913,2749,1
4944,2749,1
4943,2749,1
4942,2749,1
4941,2749,1
4912,2749,1
4938,2749,1
4939,2749,1
4940,2749,1
4908,2749,1
4909,2749,1
4910,2749,1
4907,2749,1
4906,2749,1
4937,2749,1
4904,2749,1
4905,2749,1
4963,2749,1
4903,2749,1
4962,2749,1
4961,2749,1
4902,2749,1
4901,2749,1
4960,2749,1
4958,2749,1
4959,2749,1
4957,2749,1
4936,2749,1
4899,2749,1
4900,2749,1
4897,2749,1
4894,2749,1
4895,2749,1
4892,2749,1
4345,2749,1
4342,2749,1
4891,2749,1
4343,2749,1
4346,2749,1
4344,2749,1
4340,2749,1
4341,2749,1
4337,2749,1
4889,2749,1
4339,2749,1
4890,2749,1
4336,2749,1
4338,2749,1
4887,2749,1
4333,2749,1
4334,2749,1
4335,2749,1
4332,2749,1
4888,2749,1
7224,2749,1
4330,2749,1
6906,2749,1
4885,2749,1
4980,2749,1
7226,2749,1
4979,2749,1
4981,2749,1
4976,2749,1
4974,2749,1
4977,2749,1
4975,2749,1
4973,2749,1
4972,2749,1
4915,2749,1
4914,2749,1
4911,2749,1
4886,2749,1
4852,2749,1
4850,2749,1
4851,2749,1
4848,2749,1
4847,2749,1
4884,2749,1
4849,2749,1
4846,2749,1
4844,2749,1
4882,2749,1
4883,2749,1
4842,2749,1
4843,2749,1
4952,2749,1
4840,2749,1
4841,2749,1
4881,2749,1
4856,2749,1
4855,2749,1
4854,2749,1
4845,2749,1
4853,2749,1
4353,2749,1
4354,2749,1
4351,2749,1
4349,2749,1
4352,2749,1
7342,2749,1
4348,2749,1
4350,2749,1
4893,2749,1
7338,2749,1
4362,2749,1
7396,2749,1
4358,2749,1
4361,2749,1
4359,2749,1
7394,2749,1
5964,2749,1
4357,2749,1
4356,2749,1
5977,2749,1
4355,2749,1
5949,2750,1
5038,2750,1
5037,2750,1
5036,2750,1
5035,2750,1
5034,2750,1
5033,2750,1
5032,2750,1
5030,2750,1
5956,2750,1
5031,2750,1
7264,2750,1
5029,2750,1
5028,2750,1
5027,2750,1
5026,2750,1
5666,2751,1
5665,2751,1
5664,2751,1
5612,2751,1
5593,2751,1
5657,2751,1
5611,2751,1
5610,2751,1
5608,2751,1
5609,2751,1
5592,2751,1
5655,2751,1
5607,2751,1
5656,2751,1
5634,2751,1
5590,2751,1
5633,2751,1
5654,2751,1
5591,2751,1
5653,2751,1
5631,2751,1
5632,2751,1
7288,2751,1
5630,2751,1
5628,2751,1
5652,2751,1
5651,2751,1
5629,2751,1
7068,2751,1
5650,2751,1
5626,2751,1
5625,2751,1
5623,2751,1
5649,2751,1
5624,2751,1
5678,2751,1
5677,2751,1
5676,2751,1
7086,2751,1
7084,2751,1
10105,2751,1
10106,2751,1
5673,2751,1
5671,2751,1
5672,2751,1
5669,2751,1
10108,2751,1
10021,2751,1
5670,2751,1
10020,2751,1
5667,2751,1
10107,2751,1
7132,2751,1
7134,2751,1
5600,2751,1
5661,2751,1
5599,2751,1
7136,2751,1
5598,2751,1
5597,2751,1
5595,2751,1
5659,2751,1
5596,2751,1
10018,2751,1
10122,2751,1
10123,2751,1
7080,2751,1
10126,2751,1
7066,2751,1
5621,2751,1
10111,2751,1
5619,2751,1
7140,2751,1
10015,2751,1
10113,2751,1
7072,2751,1
10115,2751,1
5614,2751,1
10125,2751,1
5658,2751,1
10128,2751,1
5615,2751,1
10124,2751,1
7074,2751,1
10121,2751,1
7088,2752,1
10110,2753,1
10030,2753,1
10109,2753,1
7104,2754,1
10212,2755,1
10213,2755,1
7118,2756,1
7124,2757,1
7130,2758,1
10019,2759,1
10112,2759,1
10016,2759,1
10127,2759,1
7215,2760,1
7310,2761,1
7316,2762,1
7320,2763,1
7332,2764,0.076735751
7330,2764,1
7336,2765,1
7340,2766,1
7344,2767,1
7346,2768,1
7354,2769,1
7498,2770,1
10257,2359,1
6923,2307,1
2822,2646,1
2820,2646,1
2815,2646,1
2814,2646,1
3338,2646,1
2769,2646,1
2823,2646,1
2817,2646,1
2821,2646,1
2819,2646,1
2816,2646,1
2818,2646,1
2813,2646,1
2774,2646,1
3339,2646,1
2772,2646,1
2773,2646,1
7229,2646,1
2770,2646,1
10048,10048,1
10017,10017,1
10049,10049,1
10114,10114,1
10244,10244,1
6156,6156,1
10255,10255,1
10256,10256,1
10033,10033,1
7348,7348,1
10132,10132,1
10134,10134,1
6776,6776,1
10269,10269,1
10014,10014,1
7537,7537,1
7538,7538,1
7535,7535,1
7547,7547,1
7559,7559,1
7560,7560,1
7552,7552,1
7576,7576,1
7562,7562,1
7599,7599,1
7569,7569,1
7601,7601,1
7623,7623,1
7604,7604,1
7620,7620,1
7632,7632,1
7640,7640,1
7649,7649,1
7626,7626,1
7642,7642,1
7651,7651,1
7674,7674,1
27521,27521,1
27534,27534,1
27524,27524,1
